gene	occurances	unique alleles
metK	1269	55
bmr3	1175	80
leuS	1282	113
licR	375	76
licA_1	1274	60
licC_1	1284	179
yvdM	243	17
lacR_1	697	79
lacG_1	1169	139
lacF_1	1286	166
lacE_1	1129	154
guaA	1012	78
coaA	1284	51
rsmC	1272	45
degA_1	1276	86
pdp	1282	90
deoC	1277	53
cdd	1282	26
tmpC	1129	59
mglA	1284	69
deoB	1275	59
punA	1284	44
deoD	1278	41
gpmA_1	1286	100
hin	492	25
rpiA	1284	51
rpsL	1280	13
rpsG	1284	14
fus	1285	61
tuf_1	1286	84
rpsJ	1284	12
rplC	1285	23
rplD	1284	21
rplW	1284	16
rplB	1285	30
rpsS	1285	7
rplV	1284	3
rpsC	1284	20
rplP	1285	11
rpmC	1284	6
rpsQ	1284	5
rplN	1284	4
rplX	1284	6
rplE	1285	15
rpsZ	1286	3
rpsH	1284	12
rplF	1284	20
rplR	1284	10
rpsE	1283	15
rpmD	1284	3
rplO	1283	17
secY	1284	60
adk	1269	23
infA	1285	3
rpmJ	1284	2
rpsM	1284	9
rpsK	1285	5
rpoA	1285	34
rplQ	1285	20
ecfA1	1285	55
ecfA2	1271	67
ecfT_1	278	32
truA_1	1195	92
rpmB	1279	4
recG	1282	107
plsX	1283	49
acpP	1276	14
oppD_1	1285	107
oppF_1	1284	100
gsiC	1150	34
rnc	1284	37
smc_1	1252	216
yidA_1	1286	114
ftsY	1281	55
gshAB	1279	117
yueI	1279	45
yclN	1281	75
yclO	1281	98
yclP	1283	52
yclQ	1277	80
gla	1265	39
cidA	1249	35
yohK	1277	55
queT_1	1277	81
bioY2	1285	54
rpsD	1284	28
nirC	1284	108
ymdB	1284	45
ymcA	936	16
mutS_1	1285	159
mutL	1281	135
maf	1277	42
treR	1271	57
msrB	1285	33
ruvA	1285	52
ruvB	1284	48
yfkJ	1284	69
brnQ_1	1279	186
cycA_1	1101	106
artM_1	1285	69
mltF_1	1280	123
cobB	1285	60
dapH_1	1284	102
nadR	1272	46
def	386	22
rpsO	1285	12
pnp_1	1285	106
kup	1285	108
dinF	1280	83
ctc	1284	49
rsuA	1283	55
yfnB_1	1273	82
udk	1283	32
ubiB	1283	130
ddl	1285	68
murF	1095	50
cshA	1284	83
acpS	1284	22
alr	1283	69
ndoA	1284	14
rpsN2	736	31
kimA	1277	76
opuCD	1283	48
opuCC	1281	73
opuCB	1284	62
opuCA	1074	73
queA	1284	66
tgt	1284	84
adhE	1276	124
yesR	1269	74
dctM	1193	118
iolE	1023	79
rhaS_1	1277	150
araC_1	380	25
rhaB	1145	114
rhaA	1150	88
rhaD	1143	68
rhaM	1145	50
fucO	945	96
iclR	1136	56
kdgA	861	63
kdgK	984	78
kduI1	1263	61
kduD	1280	60
fni	1258	69
galK_1	1285	85
infC	1285	14
rpmI	1285	10
rplT	1285	22
rspR_1	1212	93
nnrD	1282	84
pepV_1	407	89
pepA	1285	75
ytpP	1283	35
htrA	1284	78
rlmH	1248	107
panE_1	926	68
msrA_1	1284	113
artM_2	1285	71
mltF_2	1280	129
uvrB	1148	122
uvrA_1	581	170
yvcJ	1284	72
whiA	1285	58
uvrA_2	581	167
cdaA	1285	78
glmM	1257	88
glmS_1	392	86
sppA	897	75
tig	1284	69
clpX	1285	77
engB	1285	49
glcR	1133	96
lacC_1	1018	131
fruA_1	1286	227
clcA	1279	139
pcrA	1270	129
ligA	746	125
gatC_1	1226	68
gatA	1081	89
gatB	1160	85
dagK_1	1255	148
metE_1	348	82
aes_1	1207	163
melR_1	1266	137
melA_1	384	72
lacL	1264	140
lacM	1284	95
aroF	1285	91
aroB	1284	99
aroC	1285	97
aroA	1285	111
aroK	1052	35
pheA	1282	89
rhaR_1	1241	206
lacE_2	1129	155
lacF_2	1286	166
lacG_2	1169	149
umpB_1	1136	112
umpB_2	1136	105
gpmA_2	1286	108
gph	976	51
tcyP	1279	112
apaH	36	1
yhgF	1282	153
ydcF	1285	81
murC	1284	80
ybhL	1284	63
polA	1285	154
mutM	1284	82
coaE	1284	66
nrdR	1275	56
dnaB	1285	101
dnaI	1283	60
trmK	1284	50
pepT	1284	76
dagK_2	1255	164
clpB	1283	146
eis_1	1278	121
lepA	1259	162
cspLA_1	1282	33
hchA_1	614	70
prsA_1	1274	144
spxA_1	1280	104
aes_2	1207	147
csp_1	168	5
yidA_2	1286	109
gspA_1	1256	102
gspA_2	1256	85
yghA	1256	69
agrA_1	791	97
agrB_1	392	55
amt	1226	115
gadC_1	1279	174
glsA	1240	95
dxs	1225	138
nanE	712	67
ftsW_1	1211	141
msrR_1	40	4
msrR_2	40	4
pbp	1278	206
napA	1275	76
ykuT	1278	68
ilvE	1277	67
fabI	1276	50
fabZ_1	1278	50
menH_1	1284	150
gap_1	1285	67
obg	1284	82
rnz	1284	58
apt	1243	39
lexA_1	573	54
tkt	1281	112
cysK	1282	80
perR	1278	35
nox_1	1268	162
tetA	1266	135
dnaD	1285	60
nth	1282	60
ponA_1	1172	224
recU	1283	55
gpsB	1285	32
rlmL	1284	85
ypwA	1283	106
yedJ	1284	73
steT_1	1286	151
pepV_2	407	86
abgT_1	204	21
abgT_2	204	24
cshB	1269	88
alaS	1283	126
panT_1	1279	73
fieF	1253	104
rnhA	1263	46
csp_2	168	4
fhs1	1284	126
lspA	1284	41
rluD_1	1280	76
pyrR	1283	32
pyrP	1284	86
pyrB	1284	57
pyrC	1283	82
carA	1284	75
carB	1284	159
pyrK	1284	66
pyrDB	1281	66
pyrF	1284	67
manX_1	1286	125
sorA_1	1284	103
manZ_1	1286	139
frlB_1	936	85
dgaR_1	1286	263
yfbR	1282	42
cah	1284	49
hdfR_1	1246	112
rqcH	1276	131
cmpD	1285	47
aroE	1282	95
tagU_1	1286	199
topB_1	1286	233
ldh_1	1261	76
ulaA_1	1272	185
yhhX	1252	90
hrtA_1	1218	80
mprA	1244	57
sasA_1	1286	181
ysnF	1205	101
xerC_1	1286	303
menE	626	40
pdxK	1279	65
hmpT	1281	57
malL_1	1276	176
degV	1282	64
murJ_1	1286	163
ygaZ_1	1265	100
nupC	1260	73
gmk_1	1283	67
yecS_1	1283	65
yckB	1274	75
nylA	1283	126
pyrDA	1284	94
cfa	1282	109
malG	1282	62
mdxE	1280	76
bbmA	1283	134
ohrA	1282	41
ohrR	1273	37
uxuA	421	67
por	984	160
rspR_2	1212	88
ahpC	1245	48
ahpF	1256	153
truA_2	1195	89
msrA_2	1284	117
gpr	1117	79
lutR	384	24
gmuC_1	1283	184
gmuD_1	1286	183
ptcB_1	1286	56
licA_2	1274	57
licC_2	1284	212
ohyA	257	29
panP	233	37
gadC_2	1279	162
cycA_2	1101	101
hdfR_2	1246	132
fabD_1	1185	123
madA	1178	100
mdcC	1187	27
accD_1	1183	131
mdcG	1181	59
citG	991	58
ulaA_2	1272	193
fba_1	1256	87
nudC	253	11
paiA_1	699	45
pbuG	1263	83
malL_2	1276	163
hchA_2	614	74
nox_2	1268	163
glpK	1276	74
glpO	1278	111
glpF	1271	53
mutS2_1	1283	199
pgsA2	1268	51
csoR	391	11
glpE	1096	25
cdr_1	1283	218
helD_1	1243	225
pgaC	1243	147
dhaM-2	1278	35
dhaK	1260	83
dhaL_1	186	19
anr	1230	33
betI	1129	52
tyrS1	1280	71
gadC_3	1149	147
nhaC_1	1286	137
ccpA_1	1284	123
mro_1	1160	104
pgmB_1	292	50
malP_1	457	133
ptsG_1	1268	165
mapP_1	318	60
yiaC	1278	40
padC	1272	59
emrB	1276	95
ecdB	675	56
lpdC	1282	131
btuD_1	1286	205
hssR	1280	69
sasA_2	1286	175
gltC_1	1268	117
ydfK	1276	68
bceA_1	1283	76
bceB_1	1220	175
mro_2	1160	120
bglF_1	1286	286
rbsD	1284	39
rbsK	1274	65
degA_2	1276	96
yecD	1262	64
treA	1266	87
agrA_2	791	91
agrB_2	392	54
yjcD	1279	101
spxA_2	1280	103
spxA_3	1263	114
manP_1	496	91
manR_1	729	164
ecfT_2	278	39
ykoD	675	58
arsC	442	67
lacC_2	1018	150
lacR_2	697	70
gatC_2	1226	112
mtnB	1229	52
mhqD_1	147	5
mhqD_2	147	5
mhqA_1	274	39
gmuR	752	48
gmuC_2	1283	176
gmuD_2	1286	191
spxA_4	1219	100
thiD	1271	59
clsA_1	1284	138
mvaS	1282	76
fadA	1269	145
yvgN	1282	66
tuf_2	1286	72
mprF_1	1283	186
rutD	376	28
ctpE_1	1283	194
dnaG	1283	107
sigA	1274	51
mapZ	1280	163
cvfB	1280	61
fur	1034	29
xerD	1131	56
ribT	1285	23
scpA	1285	82
scpB	1285	39
rluB_1	1285	71
fmnP	1284	65
recQ_1	1282	165
cmk	1273	61
ypfD	1284	89
der	1283	68
hupA	1285	8
bepA	1285	92
ypjD	1278	28
cca	1281	67
nhaK	393	67
ettA	1276	113
thyA	1285	57
msrA_3	1083	102
sipV	1282	43
rbgA	1285	91
rnhB	1282	72
topA	1263	92
trmFO	1283	75
xerC_2	1286	331
hslV	1284	32
clpY	1282	73
codY	1282	60
lacX	913	50
plsY	1284	43
yccU	1284	45
parE	1285	91
parC	1285	117
pflB	1284	87
pflA	1269	47
ppaC	1284	59
exuR_1	1193	81
btuD_2	1286	200
garB	1279	112
ribX	1280	70
thiY	1281	82
ssuB	1274	68
ycfH	1081	47
bsaA	1237	38
luxS_1	83	7
metB	973	79
cysM	1262	54
efp	1280	25
dnaJ_1	384	70
lysA	1282	81
dapF	1284	62
dapA	1129	48
dapB	1283	61
dapH_2	1284	93
asd	1283	75
yclM	1282	81
scmP	1279	76
dapX	1282	85
npr	276	23
dinB_1	750	101
galK_2	1285	85
galM	1136	69
lacS	1276	101
rhaS_2	1277	139
kefG	1285	51
yifK	1284	75
scaC	840	52
mntB	822	47
ssaB	800	70
queG	1238	70
pckA	1281	135
thiO	1282	77
ribZ	750	79
argR_1	1286	58
algC	1277	119
ohrB_1	874	55
rclA	1274	90
acuR	1266	47
yedK	706	48
ydbD_1	190	40
ydbD_2	190	31
lacF_3	1279	171
araQ_1	1286	176
graR	1284	58
graS	1272	82
glcU_1	1274	99
yhdG	1276	90
act	1254	54
mtnN	1285	43
rutB	651	32
pepO	1274	115
prs2	1285	63
iscS_1	1286	125
mnmA	1285	80
potE	5	4
arcD1_1	1274	132
vioD	1187	73
sbnD_1	1255	118
topB_2	1286	266
yfdH	1272	70
ogt	1276	49
cysL	1273	74
rodA	1174	79
mgsR	1284	27
gcvH	1284	25
metN2	1273	83
metP_1	1281	77
metQ_1	1286	102
sufS	982	101
iscU	1285	42
yknY_1	118	24
prsA_2	1274	132
prfC	1285	75
yhhT	1283	51
mutY	1283	85
recX	1285	63
rlmCD	1280	99
crtK-2	1250	47
tagU_2	1286	209
cspD	1278	13
sodA	1270	36
czcD	983	82
ghrB_1	1023	95
ktrA	1282	53
vraR	1258	55
liaS	1283	84
greA	1270	28
mltG	1276	81
pbpX_1	1278	182
wbgU	1078	75
rfbB	618	64
ispD	726	39
arnC_1	917	151
arnC_2	917	118
btuD_3	1286	222
tagG	1274	59
rmlD	1280	61
rmlB	1276	64
rfbC	1193	38
rfbA	1283	53
tagO	1282	75
map	1270	43
pepS	1281	92
eis_2	1278	122
celB_1	587	116
licA_3	1219	46
ptcB_2	1286	55
dgaR_2	1286	220
yfmL	1281	78
iolU_1	1241	96
sfsA_1	70	9
sfsA_2	70	8
dtxR	1269	39
zwf	1283	96
ileS	1279	145
divIVA	1285	37
sepF	1284	46
yggS	1282	39
ftsZ	1285	60
ftsA	1275	71
divIB	1285	103
murG	1285	57
murD	1284	101
mraY	1285	54
pbpX_2	1278	182
ftsL	1285	38
rsmH	1285	62
mraZ	1285	39
recN	1283	101
argR_2	1286	64
tlyA	1285	53
xseB	1285	11
xseA	1285	93
folD	1285	64
nusB	1280	28
ypdF	1285	84
manZ_2	1286	150
sorA_2	1284	119
manX_2	1286	117
manX_3	1285	123
dgaR_3	1283	258
rsmA	1259	56
rnmV	1283	50
dtd3	1071	34
steT_2	1286	131
metG	1284	94
oppF_2	1284	92
oppD_2	1285	99
dppC	1260	50
oppB	1258	55
dppE	1105	79
rlmN	1284	75
spoIIIE	1285	102
bglC	861	62
glnQ_1	1280	71
yecS_2	1283	61
proX	1194	42
cna	919	162
upp	1285	34
nlhH	1284	94
glyA	1285	68
ywlC	1285	71
prmC	1281	63
prfA	1284	39
tdk	1066	33
COQ5_1	1097	46
spsB	1285	41
queH	1284	66
ntpJ_1	1284	140
murT	1285	57
gatD	1245	44
mtlD	1095	52
mtlF_1	1286	58
natA	506	53
mtlF_2	1286	65
mtlR	1210	122
gmuF	1275	57
amiE	1284	82
catE	1282	59
azoR	1283	63
pgl	1275	81
ghrB_2	1023	103
araA	1280	88
sgbE	1268	52
xylB_1	1285	158
xylT	1217	112
araR_1	1285	91
rafB	253	31
nadE	1284	52
pncB2	1285	60
mta	1258	74
ccpB	1270	82
celB_2	587	105
groL	1274	73
groS	1283	25
MroQ	1283	59
licC_3	1247	227
yycJ	1278	51
yycI	395	30
walK	1277	119
walR	1067	30
rihB	1222	107
menH_2	1284	151
yjdJ	1124	47
secG	1285	15
est	1285	72
rnr	1283	174
smpB	1281	50
atpB	1284	49
atpE_1	1285	38
atpF	1285	51
atpH	1285	48
atpA	1284	100
atpG	1285	51
atpD	1283	75
atpC	1284	30
murA1_1	1282	102
yvbK	1280	63
bglK	1241	103
nagR_1	877	58
yigZ	927	71
ptcB_3	1220	55
comFA	1270	167
hpf	1281	34
secA	1284	138
prfB	1285	92
ftsE	1284	37
ftsX	1285	74
clsA_2	1284	131
pstS1_1	1281	103
pstB3_1	1285	116
pstB3_2	1285	105
phoU	1285	56
hprK	1284	66
lgt_1	516	49
gpsA_1	1282	129
gtaB_1	1284	103
pepQ	1283	114
ccpA_2	1284	122
ponA_2	1172	208
nfo	1282	104
mntH	1147	136
yheI	1275	179
yheH	1284	176
licT_1	1286	206
licT_2	1286	211
bglF_2	1286	278
murR	232	40
licH	1278	179
bglH_1	1286	223
trxB	1271	98
pgcA	1152	177
czrA	863	24
yqfL	1285	131
zur	1285	61
rpsU	1282	4
yqeY	1283	53
brnQ_2	1279	173
pgpH	1284	228
ybeY	1283	81
dgkA	1283	62
era	1282	139
recO	1281	182
glyQ	1280	175
glyS	1264	248
tagU_3	1264	208
ywqC	1237	169
ywqD_1	417	101
ywqE	1235	184
glvR_1	277	62
pfkB	718	131
fruA_2	1286	247
mngA_1	416	64
lacD2	589	147
yidC	1276	182
acyP	1280	77
trmH	716	81
eriC	1283	190
dacA	1272	195
cspLA_2	1282	29
dinG_1	1279	272
aspB	1285	146
asnS	1283	121
axe2	1281	112
yccF	1283	56
cadA_1	1179	206
ycaM	1285	128
copY	1181	74
copZ_1	725	40
copA	1094	162
copB	1172	174
pstS1_2	1281	121
ctpE_2	1283	212
pepD	364	74
phoR	581	92
phoP	1045	50
ffh	1282	112
tag	1282	77
chrR	1279	70
btuD_4	1282	219
rpsP	1284	9
rimM	1283	40
trmD	1283	59
rplS	1276	33
yjhB	664	58
ugl_1	937	79
dasA	822	89
lacF_4	1163	150
araQ_2	1286	200
alsS	1270	143
aldC	1270	82
xerC_3	1282	345
bga	437	90
sapB	1282	53
nagB	1285	51
ybiT_1	1286	176
rplL	1282	11
rplJ	1285	26
rplA	1284	27
rplK	1283	15
sdhB	1283	57
sdhA	1280	52
nusG	1284	15
secE	1284	12
rpmG3	1282	8
queT_2	1277	83
ytlR	1282	65
recD2	1283	136
pspA	728	32
trmL	1285	22
rlmA	1283	64
cutC	1281	45
mgtE	1283	66
ppnKA	1286	36
yjbM	1285	35
yjbK	1285	51
pepF1_1	1147	129
mecA	1277	38
spxA_5	932	88
yfnB_2	1273	82
rapA	1229	156
sbcD	1279	65
plsC	1284	35
yfiC	1284	54
oatA	953	70
aspS	1275	98
hisS	1284	67
iolS	1245	67
cypC	1195	80
dtd	1282	33
relA	1283	95
rsmE	1283	51
prmA	1283	57
ackA	1274	58
comGA	1282	82
ade	327	41
trmB	1277	42
thiK	1279	27
ecsA	1243	42
hit	1282	31
prsA_3	1161	133
yhaM	1282	65
ywpJ_1	1212	125
dcuR	1244	80
dcuS	642	108
yuaF	1286	48
yqiK	1284	88
iolU_2	1241	108
lytG	1285	55
yesO_1	197	65
araP	546	61
araQ_3	1286	180
yteT	1278	145
xpt	1284	45
purE	1284	44
purK	1283	77
purB	1285	84
purC	1283	81
purS	1285	29
purQ	1285	57
purL	1284	141
purF	1284	92
purM	1285	72
purN	1285	64
purH	1285	109
purD	1278	85
ydhF	1286	79
rssB_1	17	4
ytfQ	1271	133
sbpA	184	19
chvE	1283	102
xylG	1263	114
xylH	1248	99
guaC	1258	61
norG	1257	102
pdhA	1285	73
pdhB	1284	59
pdhD	1276	84
cysQ	1278	76
typA	1284	81
recQ_2	1282	176
ftsW_2	1211	150
pycA	1280	179
rsmD	1285	46
coaD	1285	38
ylbL	1273	84
tadA_1	1283	55
comEC	1270	182
yqeN	1285	100
rpsT	1284	11
zosA	860	76
uppP	1248	60
gpmA_3	1278	102
dinG_2	1279	291
ctsR	1282	30
clpC_1	420	106
rlhA	1281	68
gor	1282	89
menA	1224	69
apbE	1041	74
norW	1207	112
hepT	1252	64
birA	1284	68
ytrE	394	38
rpoB	1284	126
rpoC	1273	128
msrA_4	377	41
comC	1204	84
xylB_2	1285	156
dps_1	549	32
rplM	1284	16
rpsI	1284	57
manR_2	729	185
mngA_2	416	56
manP_2	496	94
fruA_3	1286	244
mngB_1	715	99
mutS_2	1285	161
yadG	1281	57
yadH	1283	59
dus	1285	76
ygaZ_2	1265	113
esxA	369	17
essC	335	73
ywnA	1239	33
qorB	1258	69
ptsG_2	1268	189
sacY	1247	62
yodC	1281	59
msr(C)	1230	97
metE_2	348	66
potD	1285	95
ydcV	1285	64
potB	1274	55
potA	1285	62
acuI	1284	100
coaBC_1	1284	105
coaBC_2	1284	91
panT_2	1279	74
yhfK	1283	72
murB	1283	88
yceM	1282	86
exoA	1270	61
polC_1	1284	174
tsaE	1284	48
pta	1284	58
ung	1285	73
ywpJ_2	1212	108
pnuC	1256	52
pcp	1278	69
bcrA	330	45
arcD1_2	1274	164
murQ	1279	72
pspB	1204	46
eat(A)	1265	141
garK	1080	78
panE_2	926	64
yvbW	1283	94
nhaC_2	1286	142
abgB	1278	89
metQ_2	1286	118
metP_2	1281	78
metN_1	78	11
mgtA	1284	167
ndk	1283	55
ltaS1_1	1251	215
gmuD_3	1264	204
rbsR	1257	91
yvdD	1261	46
fruA_4	1253	224
manP_3	378	47
fba_2	1256	91
mngA_3	80	15
cbh	617	73
asnB	1281	116
rpmGA	736	4
folA	508	48
yfiY	1232	104
fepC	1282	75
feuB	1284	84
feuC	1281	90
yqgN	1284	53
gluP	1277	55
yqgQ	1279	12
glcK	1284	64
yibN	1283	31
galE	1285	83
galT	1284	104
melR_2	1266	149
tsaB	1269	81
tsaD	1281	72
ywqD_2	417	86
arcA	1284	80
arcB	1155	61
arcC1	1014	50
argS	1284	88
phnX	834	97
phnW	1211	130
argR_3	1281	66
rpsB	1285	40
tsf	1285	54
pyrH	1284	49
frr	1255	29
uppS	1285	74
rasP	1284	96
proS	1282	106
polC_2	1284	165
rimP	1281	37
nusA	1285	90
rplGA	1285	28
infB	1284	130
rbfA	1284	34
xpkA	804	181
truB	1282	85
ribF	1282	77
gdhIV	1266	55
glcU_2	1274	94
fra	1206	52
mccF	1237	94
malP_2	457	152
malH	1231	140
glvR_2	277	50
ydeA	1199	78
yfmO	1137	106
proA	1283	68
proB	1284	43
dut	1284	54
radA	1282	78
yacL	1284	65
gltX	1283	72
cysE	1196	35
cysS	1284	78
mrnC	1284	32
sigH	1204	42
veg	1276	12
elaA	1282	47
mscL	1278	35
pgsA	1271	36
cinA	1282	99
recA	1282	59
rny	1283	83
proC	1282	61
mprF_2	1283	187
ispE	1283	45
znuA	1245	56
znuC	1280	37
znuB	1267	51
purR_1	1246	94
glmU	1284	80
prs	1284	59
thiT	1283	49
gmk_2	1283	65
rpoZ	1285	18
priA	1285	133
def1	386	21
fmt	1284	60
rsmB	1285	89
stp	1283	40
prkC	1285	104
rsgA	1285	63
rpe	848	31
thiN	1284	45
mreC	1285	52
pepF1_2	1147	140
ldh_2	1261	76
pth	1284	52
mfd	1283	161
murJ_2	1286	159
pnp_2	1285	81
tilS	1284	79
hpt	1285	36
ftsH	1283	96
hslO	1283	56
dusB	1283	62
lysS	1281	75
pepC	1250	71
ansZ	417	40
yhaX	1271	51
ezrA	1274	72
iscS_2	1286	122
thiI	1285	80
rex_1	1285	71
valS	1285	120
fpgS	1284	91
cspLA_3	587	27
rnj1	1284	87
yrdA	1282	41
clpP	488	21
glpQ	1235	77
miaA	1284	74
hflX	1280	93
glnR	1279	37
glnA	1283	84
pyrG	1283	81
fba_3	267	45
murA1_2	1282	123
rho	1284	79
rpmE2	1282	16
agrA_3	213	41
apxIB	94	8
fruA_5	1008	175
fruA_6	512	99
kbaY	1115	54
ydjF	927	56
yfcJ	1281	68
larR	1285	51
recR	1285	49
tmk	1285	38
darA	1283	25
yabA	1285	14
rsmI	1285	73
dinB_2	750	121
nrdD	1262	105
bceA_2	1283	85
bceB_2	1220	192
srrA_1	1278	94
rcsC_1	1282	169
serS	1250	76
guaB	1277	79
ychF	1280	59
spo0J	1283	52
soj_1	1164	58
rsmG	1282	52
mnmG	1285	107
mnmE	1285	76
misCA	1283	53
rnpA	1285	20
rpmH	1270	5
dnaA	1283	62
dnaN	1267	67
recF	1201	62
gyrB	1261	71
gyrA	1285	122
rpsF	1285	13
ssb_1	1144	54
rpsR	1284	13
gdpP	1279	101
rplI	1279	26
dnaC	1280	63
purA	1284	59
ybiT_2	1286	161
pox5	1269	115
zupT	1278	63
amiA	381	77
oppC	336	42
oppD_3	435	74
oppF_3	451	73
clpE	1280	118
ptsH	1282	11
ptsI	1284	81
dgs	1280	85
glxR	1274	78
ykuJ	1278	14
uvrC_1	1266	167
fabH	1282	79
acpA	1281	15
fabD_2	1185	104
fabG	405	35
fabF	1284	97
accB	1284	42
fabZ_2	1278	45
cfiB	1157	64
accD_2	1183	106
accA	1285	55
yqeH	1284	89
nadD	1284	45
rsfS	1285	28
COQ5_2	1097	57
tmcAL	1285	94
yeeN	1054	20
helD_2	1243	199
ziaA	1285	110
thrS	1284	115
ybbH_1	1203	106
penA	1284	127
yitU	1253	66
pbuO	1285	107
sbnD_2	1255	118
dnaE	1283	149
pfkA	1258	32
pyk	1284	67
gltC_2	1268	109
rpmF	739	4
gnd	1283	84
arlR	353	23
sasA_3	1223	170
yugI	1278	20
patB	1267	101
yumC	1278	77
ypjQ	1277	34
yutF	1278	58
tadA_2	1283	52
lrp	1282	69
rsmF	1285	73
nrnA	1285	61
IMPDH	1284	66
ybaK_1	1279	72
rnj2	1284	95
lolD	1049	41
iadA	1284	80
gtaB_2	1284	91
gpsA_2	1282	110
frlB_2	936	80
glmS_2	392	71
manZ_3	1226	139
sorA_3	915	92
manX_4	1212	106
dgaR_4	1014	193
dgaR_5	287	65
folT	351	23
mgsA	1284	28
msmX	1050	62
niaX	1281	43
nox_3	269	55
hrtA_2	1218	69
rnhC	1284	81
zapA	1283	31
mutS2_2	1283	215
trxA	1226	17
uvrC_2	1266	144
btuD_5	1047	185
yhaP	1282	112
fbp	1276	149
puuD	1282	106
ntpK	1283	41
atpE_2	1285	39
ntpC	1285	94
ntpG	1285	38
ntpA	1285	108
ntpB	1284	85
ntpD	1282	65
ntpJ_2	1284	131
hisC	1150	103
lhpI	1159	91
phzF	248	14
gloA	1284	51
yidA_3	1221	97
lipL	1285	91
rpoE	1283	57
sigV	1283	54
rsiV	1283	90
rpoN1	1284	126
cggR	1285	67
gap_2	1285	83
pgk	1285	80
tpiA	1255	51
eno	1283	78
dapE	1270	119
murE	1283	86
murJ_3	1283	148
rluB_2	1285	71
yteP_1	1227	101
araQ_4	1281	172
rssB_2	17	4
rhaR_2	1241	213
araR_2	1285	84
mngB_2	715	121
gmuE_1	1230	94
rluD_2	1280	82
pbpF	1284	124
rhgT	1249	70
uxaC	967	93
uxaA	1223	84
uxaB	1204	116
exuR_2	1193	95
yesS	1067	133
araQ_5	1223	176
yteP_2	1227	92
lipO	1225	101
yteR_1	208	11
yteR_2	208	12
pemA	1257	86
xynB	935	82
yjmB	1034	109
xerC_4	1261	372
opuAA	1283	58
feoB	1275	143
nrdH	1283	25
nrdE2_1	133	28
nrdF_1	133	18
xly	388	75
manZ_4	1127	132
sorA_4	565	77
manX_5	766	91
alsE	387	31
fruA_7	130	44
manP_4	351	56
manP_5	240	49
manP_6	88	22
manR_3	400	124
nagR_2	877	66
ugl_2	937	81
ulaA_3	1197	201
ulaB	353	22
manR_4	275	82
sstT	1056	84
copZ_2	725	45
cadA_2	1179	228
luxS_2	83	7
metQ_3	257	55
metP_3	84	13
metN_2	78	13
metE_3	69	7
dexB	409	65
malL_3	459	92
treP	333	37
scrB_1	247	49
purR_2	1246	89
gmuE_2	1230	112
hsdS	763	31
ohrB_2	874	62
ydbD_3	54	8
dkgB	190	28
paiA_2	699	66
srrA_2	1278	96
rcsC_2	1282	172
ltaS1_2	1251	201
rlmI	1285	102
aroD	1285	87
ybaK_2	1279	75
baiN	1283	95
gdh	1268	106
pgi	1270	97
xerC_5	1212	344
mapP_2	318	72
ptsG_3	1032	133
malP_3	208	79
pgmB_2	292	51
mro_3	246	63
cmpR	50	9
ybjI	229	40
srtA	795	79
rph	1278	116
murI	1076	52
glnP	1273	46
glnM	1275	49
glnH	1278	47
glnQ_2	1280	82
trpS2	1281	69
pheT	1280	133
pheS	1283	61
yodB	1283	21
addA	1279	201
addB	1283	190
dtpT	1269	105
cdr_2	1283	214
yheS	1283	113
rex_2	1285	82
endA	1230	68
yrrK	1282	30
citS	1246	94
mleS	1279	107
nox_4	8	7
dltA	1234	101
dltC	1275	17
dltD	1272	99
ysdC	1285	60
lplJ	1284	84
trmR	1281	48
dauA	1281	122
tmung	354	38
rplU	1285	19
rpmA	1272	9
xerC_6	1113	265
licC_4	937	179
bsr	391	25
malY	390	50
malX	412	69
ybbH_2	1203	100
glvR_3	54	14
licC_5	418	90
bglA	296	36
glpR	341	45
ulaG	1189	80
ulaA_4	451	126
sgbH	1094	57
ulaE	1182	79
araD	1142	67
gtfA	337	37
malL_4	124	29
agaA_1	615	61
ngcG_1	157	6
melD_1	332	36
msmE	313	37
melA_2	384	57
araQ_6	943	134
ngcG_2	157	4
melD_2	332	33
yesO_2	197	72
melR_3	345	52
uvrA_3	322	102
mhqA_2	274	36
xerC_7	958	218
xerC_8	787	156
ssb_2	1144	117
bin3_1	841	115
entP	278	18
soj_2	1164	130
strA	1102	63
licT_3	1098	154
bglF_3	1285	271
bglH_2	1286	201
mngR	410	55
licC_6	157	40
dgaE	474	57
dgaF	485	53
iolC	426	42
clpC_2	420	119
lexA_2	573	89
macB	125	20
yknY_2	118	20
yknX	108	9
lagD_1	46	18
topB_3	1165	304
bin3_2	841	100
degA_3	994	77
scrB_2	247	52
gmuE_3	840	77
cadC	434	23
cadA_3	411	135
copZ_3	209	20
lgt_2	516	78
lgt_3	222	42
fixK	538	49
dps_2	549	50
cysA	361	49
dnaJ_2	384	62
dnaK	1284	88
grpE	1285	51
hrcA	1285	94
hemW	1277	115
smc_2	1252	258
alaA	1284	58
agaA_2	615	91
hgdH	1284	96
nrdF_2	133	16
tpx	73	7
nrdF2	87	8
nrdE2_2	133	24
nrdI	82	5
yvqK	192	15
xerS	1118	92
doc	697	47
araC_2	380	19
agaA_3	260	45
dinG_3	388	63
fetB	456	52
fetA	451	42
dhaL_2	186	36
bin3_3	693	74
lagD_2	46	18
insK	210	26
tarD	55	8
epsH	36	8
sfsA	1214	77
ypdB	21	6
ycdG	144	6
sstT_1	162	43
sph	969	73
hdc	873	71
citG_1	210	38
licR_1	911	99
dhaL	1094	46
melA	895	120
pphA	1244	74
eis	8	4
msrR	1226	92
agrB_3	123	32
folT_1	935	55
lgt	768	49
pglF	632	138
pglC	454	95
tuaG	34	4
mshA	511	61
ugd	609	102
folT_2	935	45
levD	172	18
yfkN	296	34
rimI	869	19
abgT	202	56
licR_2	911	105
xynB_1	307	76
xynB_2	307	75
rodA_1	112	24
yknY	1136	103
rssB	257	49
licR_3	30	17
dps	736	24
clpC	866	65
yjcS	342	96
luxS	1193	22
mhqA	1004	66
mhqD	1129	74
dgaF_1	105	31
dgaE_1	104	46
norR	526	97
yjjG	167	24
agaC	459	47
manZ_5	833	111
araC	806	56
lacF_5	853	85
dgoA	131	14
dgoD	130	10
sasA_4	319	85
copR	3	1
lacD	696	53
lacC_3	506	97
lacB	389	22
lacA	372	24
lacR_3	211	32
gatC_3	403	41
lacR_4	50	9
sstT_2	162	39
ulaC	198	25
ulaB_1	163	24
mepA	163	27
gpmA_4	212	56
metN	1208	81
dgaF_2	105	30
dgaE_2	104	45
licT_4	725	91
umuC	557	73
yesO	1083	114
citG_2	210	37
citX	199	16
citF	199	37
citE	196	23
citD	199	11
citC	201	24
cimH	154	26
lsrR	134	11
soj_3	681	77
nrdF	1140	40
nrdE2	1152	86
rodA_2	112	16
topB_4	944	261
smc_3	652	137
agaA	633	60
cmtB	275	29
ulaB_2	163	21
soj_4	485	34
bdhA	24	6
folE	34	11
thcD	7	3
bmrA	100	25
clpL	5	5
lexA_3	47	22
deoD_1	7	4
yxdL	766	20
murR_1	1054	159
rfbX	269	61
epsE	68	11
epsD	183	35
murR_2	1054	161
cwlC	62	7
natA_1	776	35
ugl	140	32
oatA_1	317	79
arnA	104	6
arnC_3	575	111
glvR	488	60
lacE_3	345	69
lacG_3	803	62
xre	15	5
hsdR	87	41
mntA	7	2
mngA	568	65
paiA	566	29
galS	19	6
dcuS_1	643	32
dcuS_2	643	29
exuR	92	17
lolD_1	222	55
gdx	1076	41
lolD_2	222	55
chiA1	94	28
hmo	1097	113
natA_2	776	38
agrA_4	29	13
lacC_4	170	57
gmuC_3	968	148
oatA_2	317	102
focA	380	34
murI_1	204	34
deoD_2	7	4
ngcG	384	30
yjaB	173	12
murI_2	204	18
lcnD	444	48
malP_4	19	10
albC	56	2
soj	122	15
ssb	142	13
yvdM_1	747	24
hin_1	794	44
ecfT	1008	32
lrpC	272	17
def_1	900	25
pepV	879	38
glcC	822	33
bglA_1	96	23
npr_1	1009	88
icaA	125	30
pgmB	994	48
malP	829	47
mapP	961	49
agrB	894	26
bglH_3	815	118
bcrA_1	955	83
metE	920	52
yddE	945	58
xerD_1	155	53
hin_2	794	90
nagR	409	27
bglF_4	977	201
bglH_4	771	99
ywqD	848	119
gph_1	308	40
epsN	503	31
epsL	160	24
pglA	96	17
pglH	114	13
wbgU_1	183	30
copZ	560	17
ptcA	311	39
aguA_1	203	39
arcC1_1	271	42
aguA_2	203	44
cbnBA	153	8
bglF_5	482	112
bglA_2	96	19
ansA	865	18
ydjF_1	210	32
udg	931	27
celB	697	44
wbgU_2	183	31
fabG_1	881	49
arlR_1	933	62
adeC	945	67
gpmB	499	19
lnrK	901	48
lnrL	894	49
ybiT_3	910	90
pisA	723	6
lagD	535	72
sppA_1	389	40
abfA_1	1024	127
ugpB	994	65
melD	815	38
abfA_2	1024	125
mtlD_1	155	27
rpe_1	438	29
def_2	900	24
phoR_1	704	106
arlR_2	933	74
bcrA_2	955	80
xylB_3	553	99
yvdM_2	747	16
glxK	848	57
ycjT	861	67
rifL	899	46
tdh	872	54
ycjP	668	38
ycjO	899	38
ycjM	894	74
xerD_2	155	42
fosX	782	20
dprA	958	73
fabG_2	881	66
srlA	911	36
srlE_1	104	16
srlE_2	104	18
srlB	907	27
fsaA	895	40
sttH	832	29
fldH	900	51
hcxA	819	53
sorB	618	24
uxuA_1	863	67
ppaX	916	45
cspL	942	15
gadC_4	670	94
nanE_1	565	29
uxuA_2	863	61
fcbA2	650	118
hdfR_3	779	48
pyrE	866	21
lexA	710	28
hcaB	1054	42
menH_3	812	62
dnaJ	902	52
uvrA	697	55
glmS	874	77
sppA_2	389	40
gph_2	308	63
folA_1	778	18
xerD_3	13	8
ydjP	904	32
manR	311	45
manP	550	35
cbh_1	592	91
folA_2	778	24
arcC1_2	271	51
frlB	349	34
nodM	884	41
fliY	855	20
araN	192	27
ydbD	937	47
mazF	846	25
yteR	1025	74
mngB	570	81
rhaR_3	1048	143
npr_2	1009	101
umuC_1	516	50
gamP	859	71
srlR	790	29
ydjF_2	210	28
rpe_2	438	29
hxlB	432	19
mtlD_2	155	31
mtlA	155	44
atxA	136	33
umuC_2	516	71
glcB	587	38
nanE_2	565	24
rpiR	549	28
scrB	843	87
phoR_2	704	107
cbh_2	592	89
sorC_1	31	16
sorB_1	231	11
sorC_2	31	12
sorD	21	2
yggP	34	8
cspL_1	110	17
sorB_2	231	12
srlE	819	54
cspL_2	110	19
ybbH	83	11
fabG_3	30	10
arnC_4	65	35
dinB	531	53
bglF_6	225	42
murF_1	191	47
fucO_1	195	14
fucO_2	195	15
gatA_1	205	49
gatB_1	125	22
gmuR_1	530	33
mtlR_1	76	29
gatA_2	205	36
gatB_2	125	18
aroL	233	13
lacE	142	43
lacG	117	26
sigI	50	11
nudF	28	3
dtd3_1	215	47
tagD	179	16
rfbX_1	42	21
tagF	158	23
wbbD	388	23
dltA_1	50	14
panD	227	4
lgrD	28	14
grsB	19	7
murF_2	191	65
dcuR_1	33	3
dcuR_2	33	3
clpP_1	797	89
dtd3_2	215	45
rfbX_2	42	19
murR_3	223	80
kynB	81	16
pepDA	51	18
btuD_6	480	101
COQ5	186	23
mtlR_2	76	31
dltA_2	50	21
gmuR_2	530	46
lacR	560	37
manR_5	38	29
clpP_2	797	96
cspLA_4	154	18
srfAA	12	2
aguA	151	33
uviB	49	2
clpP_3	72	19
tdh_1	23	6
sigA_1	12	4
dbpA	17	6
mazF_1	39	8
sigA_2	12	7
mazF_2	39	9
epsM	404	21
drrA	112	27
sorM	35	6
sorC	253	23
levE	394	27
frlR	49	6
agaS	389	29
purR_3	181	30
ltrA	18	10
licB	14	3
gmuC_4	245	44
bglH_5	219	29
yyaP	381	5
phoR_3	15	7
lacF_6	467	48
gmuC_5	12	6
prsA_4	48	20
tdh_2	23	7
comR	5	1
purR_4	8	5
rsrIM	4	2
cna_1	126	35
cna_2	126	28
garK_1	205	64
gntP	38	4
steT_3	20	11
garK_2	205	52
licT_5	294	36
RBKS	11	6
wbpI	170	59
wbjC	170	65
capD	170	53
gnu	34	12
mdlB	4	4
hchA	665	19
sau3AIR	6	1
dapH_3	148	44
gadB	324	32
gadC_5	178	20
dxs_1	42	15
dxs_2	42	13
walR_1	218	19
pepF1	139	22
apbE_1	203	12
rclA_1	11	7
rclA_2	11	7
aspC	112	14
zosA_1	424	74
panE	360	26
fhuD	53	11
rbsR_1	24	10
rbsK_1	11	5
smc_4	144	32
copB_1	103	44
copA_1	192	92
copY_1	105	24
wecA	292	85
treR_1	15	6
phoP_1	239	42
walR_2	218	21
baeS	65	11
copB_2	103	41
copA_2	192	79
copY_2	105	15
fda_1	2	1
fda_2	2	2
ydhK	387	25
phoP_2	239	42
mco	211	43
copA_3	90	39
strA_1	183	30
rbsK_2	11	4
treA_1	18	11
strA_2	183	21
rbsR_2	24	10
merR1	147	10
merA	149	15
oppF_4	107	26
rhaR_4	657	68
apbE_2	203	11
urdA	224	5
treR_2	15	5
treA_2	18	8
zosA_2	424	58
glmM_1	12	7
glmS_3	10	4
wzxC	8	4
ahpC_1	36	9
ahpC_2	36	12
hrtA	66	18
glmM_2	12	5
glmS_4	6	3
lacC	267	13
gatC	60	10
umpB	150	20
bmr3_1	108	43
slyA	115	14
lacX_1	371	50
kduI	12	2
vanYB	353	20
yfmO_1	146	10
yfmO_2	146	9
tagU_4	128	65
cdr_3	107	41
ricR	33	4
noxE	321	16
manA	8	2
msrA2	206	22
phnX_1	448	31
phnX_2	448	30
bglC_1	425	74
artJ	11	4
bmr3_2	108	36
nagK	83	8
bglC_2	425	73
celA	144	7
gmuA	139	2
tet(L)	162	12
tet(M)	304	39
lacX_2	371	48
degA_4	519	31
agrA	494	14
ptsG_4	105	49
xylR	1	1
gpsA_3	11	7
pgdA	91	21
bglK_1	45	27
comFA_1	15	12
comFA_2	15	11
pgcA_1	134	20
saeR	75	9
ybdM	36	8
gpr_1	103	24
gpr_2	103	22
yoaB	81	20
ctpF	46	9
benM	53	10
glcB_1	6	5
apt_1	42	8
siaM	33	4
lldD	2	2
desK	17	5
xylH_1	38	20
helD_3	26	10
algA	132	8
gmuF_1	4	4
algD	3	2
pgcA_2	134	20
gmuF_2	4	3
dagK	31	9
btsS	88	22
steT_4	2	2
erm	482	10
apt_2	42	5
aadK	463	12
COQ5_3	463	15
lsa(E)	185	5
ant1	20	4
kdpB	30	8
hxpB	360	11
bglK_2	45	21
xylB_4	43	13
rbsB	5	1
xylH_2	38	16
rbsA	23	10
xylA	113	42
nagC	115	37
efpA	13	6
repB	77	24
cat	92	6
repN	227	17
topB_5	559	175
yurK	305	16
frlD	401	8
frlB_3	402	20
rcsC_3	613	123
glcB_2	6	5
pinR	548	12
mshA_1	40	14
dacA_1	7	7
dacA_2	7	6
rhaR	45	15
mshA_2	40	12
mutS2_3	28	8
rhaS_3	838	111
melA_3	72	18
yhhX_1	22	10
yhhX_2	22	5
rihC	61	9
dcuD	62	14
glf	15	9
adhR	479	32
cusS	6	3
hdfR_4	340	13
dpnA	3	1
ydjA	3	2
rhaS_4	123	49
nanK	93	30
phnC	92	25
phnPP	92	29
ywnH	98	25
brpA	27	11
srrA_3	120	41
bin3	211	82
ugpA	340	24
sacA	489	19
suhB	7	3
csp	250	7
hdfR	40	9
glcR_1	135	38
gudD_1	155	43
gudD_2	155	51
citN_1	96	33
citM	14	1
gudD_3	40	18
garR_1	14	2
garR_2	14	2
dapA_1	156	45
cdaR	146	36
pspA_1	50	9
betI_1	106	11
moeZ	143	12
csn2	120	17
cas2	121	10
cas1	119	15
cas9	105	49
cycA	185	33
epsF	266	25
natR	41	9
accC	131	27
lolD_3	104	36
oadA	97	18
gcdB	97	25
cfiA	96	12
citN_2	96	33
ompR	68	9
drrB	85	17
ydhP	85	18
ytcD	86	12
celB_3	149	67
pspA_2	50	10
lolD_4	65	20
ifcA	182	58
expZ	70	29
galM_1	150	35
gltC_3	81	27
btuD_7	60	33
ptsG	18	7
mro	126	25
hin_3	104	31
lolD_5	24	11
betI_2	106	15
glcR_2	135	34
galM_2	150	40
dapA_2	156	36
prrA	79	12
yabJ	8	4
patB_1	19	10
moaA	28	13
speG	12	3
garR	140	19
cheB	661	43
citN_3	8	5
patB_2	19	11
opuBA	48	14
ybbH_3	216	64
cypC_1	90	22
dppE_1	157	25
oppC_1	98	16
gsiC_1	135	17
lacA_1	115	10
lacB_1	116	16
lacD_1	222	42
oppD_4	100	24
oppC_2	98	17
gsiC_2	135	16
appA	137	18
yfkM	179	8
yhjX	196	18
gltC_4	9	5
ccpA_3	110	28
cypC_2	90	20
cypC_3	66	10
dppE_2	157	32
gph_3	60	21
lacE_4	45	15
lacD_2	222	34
lacB_2	116	5
lacA_2	115	12
ribD	48	14
ribE	48	11
ribBA	48	13
ribH	65	12
yxdL_1	138	15
abf2	52	9
mntH_1	138	50
aaaT	78	14
ltaS1	35	12
iolG	57	18
lacL_1	18	5
lacL_2	18	5
iolU	45	7
yxdL_2	138	16
csbB	12	6
wecC	54	12
mnaA	99	32
yteP	59	7
araQ_7	401	82
ulaB_3	53	7
dkgB_1	87	13
ltaS2	30	7
ulaA_5	77	32
lacF_7	128	19
uvrA_4	149	51
dkgB_2	87	10
mntH_2	138	33
lrgA	15	3
ohrB	412	18
czcD_1	265	27
czrA_1	289	17
mvaA	12	3
thlA	11	2
metQ_4	62	23
czcD_2	265	23
czrA_2	289	14
pacS	119	19
msrA_5	38	11
metQ_5	11	5
zosA_3	46	17
phnW_1	65	22
phnW_2	65	21
lacZ	72	21
zntB	25	6
thiE	9	4
thiM	8	3
thiD_1	13	9
thiD_2	13	9
blaSE	8	2
araD_1	19	7
ywpJ	74	14
yxlF	15	6
levE_1	73	15
mpr	22	2
phnE	210	25
nagR_3	175	26
levE_2	73	15
COQ3	9	2
lnrN	9	4
araD_2	19	6
manZ_6	523	56
nagR_4	9	4
ycjT_1	20	15
ycjT_2	20	15
manX_6	360	26
manX_7	142	16
manZ_7	239	35
wbbL	30	4
lacG_4	288	28
lacD_3	23	6
lacC_5	54	20
ramC	8	4
ctrA	3	2
arlR_3	18	9
arnB	69	18
immA	17	10
glpG	2	2
ycsE	15	8
dapH_4	44	8
fimA	17	8
tdk_1	220	14
yfnB_3	18	8
bshA	29	10
gdnD	2	1
fdhA	10	5
frmA	69	11
hxlR	71	8
rlmG	13	2
bin3_4	520	53
tdk_2	220	17
arcC1_3	22	9
arcC1_4	13	4
mprF_3	20	10
hsdM	22	9
ycjU	11	1
chbG	19	4
ulaA	14	7
smc	34	18
aes	67	22
cadA	107	17
yhaO	109	15
fba	29	6
pelX	14	7
yvdM_3	13	6
accD	103	12
fabD	101	11
yifK_1	2	2
lacS_1	10	9
lacS_2	10	10
yifK_2	2	2
purD_1	8	5
fcl	85	6
purD_2	8	6
deoB_1	10	4
xpkA_1	480	17
xpkA_2	480	20
ltrA_1	4	2
idnO	33	4
catM	26	4
deoB_2	10	4
yhfX	9	3
yhfS	9	4
php	9	3
ltrA_2	4	2
mngB_3	22	16
cspL_3	5	2
uxaB_1	38	26
ypwA_1	3	3
ypwA_2	3	3
kbaY_1	11	7
kbaY_2	11	5
uxaB_2	38	19
resE	60	20
ahpF_1	22	17
ahpF_2	22	16
argE	9	2
gtfA_1	18	10
rafB_1	2	2
rafB_2	2	2
sspB	2	2
gtfA_2	18	11
metI	101	14
araP_1	18	10
dasA_1	84	14
tpiA_1	31	7
pepV_3	20	9
ydjI	28	2
tpiA_2	31	7
ssb_3	424	42
dasA_2	84	10
araP_2	18	5
gmuE_4	507	33
crr	70	15
ponA	114	18
lacD2_1	220	27
mtgA	107	17
madA_1	10	6
tnpR	18	7
madA_2	10	6
lacD2_2	220	27
agaS_1	139	6
agaS_2	139	8
nylB	378	10
epsJ	362	13
pseB	329	6
neuB	348	7
epsM_1	42	6
epsN_1	29	7
legF	270	9
epsN_2	29	8
epsM_2	42	7
dkgA	12	4
Int-Tn	393	42
uvrB_1	138	9
uvrB_2	138	7
immR	10	4
yteT_1	8	7
yteT_2	8	7
panE_3	18	4
xerC_9	686	99
dinB_3	103	52
topB_6	119	76
xerC_10	604	88
ytrB	19	6
mdcB	30	3
fabG2	49	4
menD	52	13
gmhA	128	3
cugP	128	5
hddA	127	6
tagA	65	8
hsdR_1	5	5
gcvH_1	2	2
uxaA_1	10	8
uxaA_2	10	8
gcvH_2	2	2
gmuD_4	430	57
bglK_3	3	3
hsdR_2	5	5
aphA	436	4
satA	442	8
agaSK	4	2
yedK_1	1	1
rhaB_1	5	5
fucI	1	1
drdA	1	1
iolS_1	40	15
iolS_2	40	15
rhaS	9	4
yedK_2	1	1
opuCA_1	210	14
opuCA_2	210	15
ypdA	6	5
gmk_3	2	2
rhaB_2	5	5
cscB	136	7
pox5_1	7	6
pox5_2	7	7
ywqE_1	12	10
tagU_5	4	4
glyG	1	1
ywqE_2	12	9
yjcQ	31	3
citN	60	16
liaR	25	5
skfE	3	2
ybaK	7	5
glvA	20	3
adk_1	17	7
fda	72	9
gapA1	21	5
adk_2	17	8
yvdD_1	25	6
tmpC_1	156	10
yeiL	162	11
glnQ_3	157	10
cpdA	406	10
yfkN_1	11	4
tmpC_2	156	8
copA_4	25	10
dinG_4	42	10
yvdD_2	25	2
yfkN_2	11	6
ybhF	20	5
nagA	39	8
rapA_1	53	20
srrB	7	5
ugd_1	12	9
nagK_1	67	5
rapA_2	53	25
ugd_2	12	9
nagK_2	67	6
cytR	70	3
cbh_3	93	26
ubiX	1	1
rcsC_4	165	52
bin3_5	327	33
gbpA	6	6
wecD	18	5
arlS	15	11
bamHIM	9	2
norR_1	186	31
norR_2	186	33
mhqA_3	189	16
levS	1	1
malH_1	8	8
malH_2	8	6
glpQ_1	47	16
ahpF_3	4	3
essC_1	16	11
essC_2	16	11
lgrB	4	3
glpQ_2	47	17
cadA_4	22	12
artM_3	22	6
metP	5	2
nagE	5	4
qmcA	3	3
ywpJ_3	14	8
yecD_1	19	9
tagD_1	8	3
tagD_2	8	3
ywtE	6	4
iap	2	2
yecD_2	19	9
baeS_1	14	2
baeS_2	14	3
agaC_1	51	18
rfbC_1	90	12
fsa	20	6
araN_1	569	17
lnrL_1	9	6
agaC_2	51	16
sarA	12	6
lnrL_2	9	5
rfbC_2	90	12
metN2_1	13	7
gmuR_3	15	12
metN2_2	13	9
araN_2	569	16
rhaR_5	450	46
prsA_5	3	2
manZ_8	138	24
agaC_3	13	6
ugl_3	186	12
mntB_1	462	14
mntB_2	462	22
mntB_3	12	9
mntR	19	7
treB	27	19
gspA_3	31	9
smc_5	9	7
recT	13	7
bglH_6	16	8
bglH_7	8	3
ugpQ	82	17
srlA_1	11	5
srlB_1	11	4
cmtB_1	12	6
radD	5	1
gldA	14	7
arnC	365	31
srlB_2	11	5
srlA_2	11	5
rpoD	9	2
ycjP_1	233	6
ycjP_2	233	7
cynR	51	19
cmtB_2	12	5
bspRIM	22	9
oatA_3	2	2
tadA	3	2
rspR	72	14
ydeA_1	11	10
ydeA_2	11	11
melC	16	6
dasR	27	9
ltxB	1	1
ecoRVR	1	1
wbbD_1	1	1
srtA_1	26	19
srtA_2	26	21
melD_3	188	17
malR	11	6
haeIIIM	11	4
malX_1	11	10
malX_2	11	8
wbbD_2	1	1
ecsA_1	42	14
wbpA	21	5
ecsA_2	42	15
uvrA_5	35	18
agaA_4	11	7
pbpX	8	8
copY_3	5	3
ydhK_1	5	2
fprA1	5	3
ydhK_2	5	4
dap	4	2
xylT_1	65	16
xylT_2	65	15
lgt_4	52	19
xerC_11	536	69
recF_1	85	17
lldR	18	3
rbsC	18	1
recF_2	85	18
dgaR_6	40	19
pepF1_3	3	3
insK_1	10	7
topA_1	22	9
insK_2	10	5
topA_2	22	4
acr3_1	27	13
acr3_2	27	12
arsA_1	16	6
arsD	30	6
sdpR	29	4
arsA_2	16	3
pre	25	10
sipT	18	3
comEC_1	16	11
comEC_2	16	14
yesO_3	7	7
rep	68	17
vdcB	593	5
umuC_3	30	14
uppP_1	23	5
mhpE	129	7
abfA_3	20	10
ycjO_1	2	2
ycjO_2	2	2
zitB	7	5
npr_3	26	13
gmuE	56	13
yoeB	406	8
entS	117	3
mapP_3	4	4
licA_4	7	6
ptcA_1	5	4
ptcA_2	5	4
bcrR	34	6
bcrA_3	26	14
bcrB	22	4
uppP_2	23	4
ppaX_1	11	10
ppaX_2	11	6
hcaR	2	2
murR_4	14	11
sufS_1	304	9
ligA_1	540	10
ghrB	231	7
tetM	45	15
ftsW	75	9
cutD	343	6
hisK	345	3
sufS_2	304	7
qseB	373	3
bglC_3	105	6
pemK	362	9
sspP	255	20
sacA_1	60	8
degA_5	124	15
lacG_5	135	14
ssbA	319	1
ligA_2	540	5
yurK_1	190	9
fadR	170	5
sacA_2	60	4
frlB_4	195	17
yurK_2	190	7
bin3_6	247	26
bin3_7	149	22
ermC	50	3
aacA-aphD	186	21
bin3_8	90	12
xerC_12	390	58
xerC_13	285	45
mdtD	6	4
sarZ	9	2
dinF_1	3	3
abn2	1	1
cycA_3	10	7
uxaC_1	269	15
uxaC_2	269	16
araQ_8	276	42
yesV	14	4
dinF_2	3	3
ogt_1	8	4
coiA	5	3
mfd_1	3	3
mfd_2	3	3
ogt_2	8	5
mtlR_3	5	4
dnaC_1	5	2
dnaC_2	5	4
aguA_3	8	6
endA_1	2	2
ppsC	1	1
madC	5	4
madD	2	2
yvbW_1	2	2
yvbW_2	2	2
selA	2	2
purC_1	3	2
purC_2	3	3
purF_1	2	2
purF_2	2	2
pgl_1	11	6
yecS	3	3
rlmB	2	2
cof_1	1	1
cof_2	1	1
nrtD	7	3
pgl_2	11	5
mdxE_1	2	2
mdxE_2	2	2
ybiT_4	7	5
ybiT_5	3	3
pglD	4	4
rpiR_1	5	5
ptsG_5	9	7
yhhS	4	2
nanE_3	7	7
rpiR_2	5	3
endA_2	2	2
mngB_4	1	1
anr_1	52	6
gpmA_5	19	8
licC_7	9	8
treP_1	17	10
scrB_3	22	11
anr_2	52	7
nrdF1	52	6
scrB_4	1	1
treP_2	17	7
msrC	18	11
fbp_1	9	7
fbp_2	9	8
ycjM_1	4	4
ycjM_2	4	4
bcrA_4	4	4
polC	2	2
trxA_1	60	11
acoR	6	2
acoA	8	2
acoB	7	3
pdhC	53	24
ydjJ	7	5
trxA_2	60	13
yybR	3	3
aes_3	2	2
topB_7	21	18
xynB_3	8	7
lipO_1	10	7
lipO_2	10	7
guaA_1	274	7
hhaIM	417	7
rpmGA_1	549	6
msmX_1	233	6
ribZ_1	531	9
kdgK_1	168	7
rpsN2_1	546	7
glxR_1	11	3
glxR_2	11	3
scaC_1	441	12
ssaB_1	476	8
ndvA	490	19
rpsN2_2	546	9
rpmF_1	547	5
rpmGA_2	549	7
yjiA	527	10
epsF_1	128	6
queT	9	2
epsF_2	128	9
kdgK_2	168	10
scaC_2	441	22
ssaB_2	476	13
ribZ_2	531	10
metB_1	311	3
metB_2	311	3
bfrA	195	6
ebgA	270	5
yteP_3	292	18
yteP_4	220	10
guaA_2	274	15
rpmF_2	547	5
yknZ	115	2
araQ_9	18	12
msmX_2	233	7
xerC_14	165	30
gmuE_5	195	21
xerC_15	84	20
panB	213	2
panC	194	9
resA	229	3
xerC_16	30	15
xerC_17	11	6
ftsW_3	14	11
expZ_1	19	17
expZ_2	19	14
ptrB	1	1
bglF_7	42	12
moeB	2	2
pglJ	9	5
ptsJ	19	9
msbA	58	14
gdh_1	18	6
cpsY	17	5
gdh_2	18	6
melR	20	9
znuA_1	41	12
gldA_1	13	5
gldA_2	13	5
ytfQ_1	12	4
ytfQ_2	12	4
znuA_2	41	17
feoB_1	11	6
feoB_2	11	6
pehX	153	7
murJ_4	33	25
uidA	258	21
tsgA	17	2
kdsB	6	2
bglA_3	5	4
celB_4	5	5
pgaC_1	5	3
yheH_1	1	1
yheH_2	1	1
yitU_1	25	9
yitU_2	25	10
secB	5	4
yadG_1	5	4
paiA_3	23	9
pgaC_2	5	2
yvqK_1	8	4
yadG_2	5	4
cdr_4	10	7
arsA	15	6
qacC	11	7
copB_3	2	2
yvqK_2	8	4
dhaK_1	26	13
mcrB	9	5
dhaK_2	26	5
mntH_3	12	3
mdcB_1	2	2
mdcB_2	2	2
feuC_1	4	3
feuC_2	4	3
OSGEPL1	16	3
comEA	11	5
tetA_1	16	10
azoB	28	1
rutB_1	4	4
rutB_2	4	4
glpE_1	39	5
glxK_1	57	13
glxK_2	57	13
fetB_1	6	4
fetA_1	9	7
mshD	4	3
tetA_2	16	11
glpE_2	39	4
fetB_2	6	5
fetA_2	9	6
topB_8	9	8
parA	15	5
kdgA_1	289	15
gatY	7	4
apsI	5	4
rpiB	5	4
rpe_3	10	5
kdgA_2	289	19
yjhH	30	9
kdsD	11	5
amiA_1	4	4
phnT	7	2
amiA_2	4	4
dnaI_1	3	2
dnaI_2	3	3
xylG_1	20	11
xylG_2	20	11
ala_1	1	1
ala_2	1	1
pcrA_1	13	6
pcrA_2	13	10
hlyB	3	2
melA_4	9	3
fnr	9	1
levD_1	8	2
sorA_5	81	21
levD_2	8	3
cbh_4	8	7
hsdS_1	15	3
yhdE	6	1
ldh_3	15	8
hsdS_2	15	4
ohrB_3	11	6
yutF_1	8	3
ypjQ_1	8	3
yumC_1	8	4
yugI_1	8	4
yhdG_1	9	6
guaB_1	8	5
serS_1	8	3
guaB_2	8	6
serS_2	8	4
tadA_3	6	4
yutF_2	8	4
ypjQ_2	8	4
yumC_2	8	5
yugI_2	8	3
yhdG_2	9	6
dps_3	5	5
tcrA	3	2
yafQ	29	2
amt_1	31	10
amt_2	31	10
doc_1	121	6
manR_6	2	2
doc_2	121	8
citC_1	11	7
citD_1	14	4
citE_1	17	6
citF_1	14	6
citX_1	14	4
baeE	5	2
ndk_1	3	3
ndk_2	3	3
citG_3	15	5
citX_2	14	3
citF_2	14	4
citE_2	17	4
citD_2	14	1
citC_2	11	1
cidA_1	1	1
gla_1	2	2
yclQ_1	3	3
yclP_1	2	2
yclO_1	3	3
yclN_1	4	4
yueI_1	2	2
gshAB_1	4	4
gla_2	2	2
cidA_2	1	1
niaR	12	9
xylP	23	12
ychF_1	6	2
srrA_4	3	3
ychF_2	6	5
yclQ_2	3	3
yclP_2	2	2
yclO_2	3	3
yclN_2	4	4
yueI_2	2	2
gshAB_2	4	4
gshAB_3	1	1
ulaC_1	10	6
ulaC_2	10	6
cas9_1	16	11
cas9_2	16	12
phoP_3	21	8
murF_3	17	9
sacY_1	9	4
sacY_2	9	4
ygaZ	21	8
inlA	9	2
clpC_3	5	5
oppF_5	4	2
oppD_5	2	2
oppC_3	2	1
cadC_1	42	14
phoP_4	7	2
cadC_2	42	12
uidB	8	1
mazE	56	3
ybiV	1	1
repD	174	18
dctM_1	5	5
dctM_2	5	5
regX3	5	5
ycgJ	1	1
clpB_1	3	3
lepA_1	2	2
ugpQ_1	1	1
hslO_1	3	3
hslO_2	3	3
ugpQ_2	1	1
hchA_3	1	1
lepA_2	2	2
eis_3	2	2
clpB_2	3	3
clpB_3	1	1
glcU_3	10	5
glcU_4	8	4
ziaR	3	2
exuR_3	11	8
nfrA1	10	5
norR_3	15	11
pknD	16	13
lacC_6	9	5
guaB_3	2	2
lgt_5	4	3
arsA_3	1	1
acr3_3	3	3
acr3_4	1	1
yadG_3	2	2
xerS_1	6	5
mta_1	27	9
mta_2	27	8
xerS_2	6	4
alaS_1	3	3
alaS_2	3	3
clpE_1	4	4
clpE_2	4	4
dltA_3	11	5
manP_7	6	5
purR	40	15
panP_1	1	1
panP_2	1	1
gltC	18	8
toxN	36	5
pgsA_1	14	5
pglH_1	58	5
mccF_1	5	5
pglH_2	58	4
arnC_5	1	1
arnC_6	1	1
pgsA_2	14	8
mccF_2	5	3
glcR_3	4	4
sorA_6	5	3
levD_3	1	1
paiA_4	2	2
yfiR	3	1
repE	129	15
melR_4	9	7
rcsC_5	22	12
trxB_1	15	10
trxB_2	15	12
rfnT	3	2
ywqD_3	7	5
dasC	1	1
melD_4	8	5
dld	1	1
tuaA	1	1
gloB	3	2
tetM_1	61	12
tetM_2	61	14
yajO	39	2
chbB	39	3
ssb_4	87	17
mtnB_1	1	1
fabI_1	2	2
ilvE_1	2	2
ykuT_1	1	1
rph_1	2	2
glnP_1	7	3
glnM_1	2	2
glnH_1	2	2
mtnB_2	1	1
mhqD_3	1	1
mhqD_4	1	1
fabZ_3	2	2
fabI_2	2	2
ilvE_2	2	2
ykuT_2	1	1
rph_2	2	2
glnP_2	7	4
glnM_2	2	2
glnH_2	2	2
spxA_6	2	2
mhqD_5	1	1
mhqD_6	1	1
mtnB_3	1	1
gatC_4	66	13
umpB_3	24	2
guaC_1	25	6
guaC_2	25	5
aglB	11	4
gamP_1	21	4
cna_3	6	4
gamP_2	21	4
entP_1	9	3
entP_2	9	4
sipV_1	2	2
thyA_1	1	1
ettA_1	5	3
nhaK_1	1	1
cca_1	2	2
pflB_1	2	2
pflA_1	2	2
ppaC_1	2	2
garB_1	3	3
ribX_1	2	2
garB_2	3	3
ppaC_2	2	2
pflA_2	2	2
pflB_2	2	2
sipV_2	2	2
thyA_2	1	1
ettA_2	5	5
nhaK_2	1	1
cca_2	2	2
lexA_4	8	7
sipV_3	1	1
thyA_3	1	1
ettA_3	1	1
nhaK_3	1	1
cca_3	1	1
ribX_2	2	2
garB_3	1	1
exuR_4	1	1
ppaC_3	1	1
pflA_3	1	1
lexA_5	3	3
dnaJ_3	1	1
metK_1	15	4
pbuE_1	3	2
pbuE_2	3	1
pbuE_3	3	2
arsR	13	1
map_1	15	5
map_2	15	7
metK_2	15	3
dtd3_3	8	2
sufT	7	2
pdhB_1	2	2
pdhB_2	2	2
cspLA_5	3	3
arcD1_3	5	5
yjmB_1	221	20
yjmB_2	221	27
bsdB	18	3
pgdS	2	1
adh	13	7
qacA	8	4
chbG_1	5	2
chbG_2	5	2
pbuE	10	6
mco_1	8	6
mro_4	1	1
pgmB_3	4	4
malP_5	1	1
mco_2	8	4
mco_3	1	1
ydhK_3	1	1
zinT	19	5
murAA	3	2
pdhD_1	10	4
pdhD_2	10	6
yhdJ	10	5
gmuD_5	10	6
pbuG_1	13	8
cysE_1	90	4
pbuG_2	13	7
mdtG	47	15
Int-Tn_1	162	19
Int-Tn_2	162	23
tdk_3	1	1
cysE_2	90	8
resE_1	14	2
resE_2	14	3
rlmD	2	1
ulaG_1	5	5
ulaG_2	5	4
nrdF_3	9	5
uvrA_6	3	3
dpnM	4	4
ulaE_1	6	3
ulaE_2	6	4
nagE_1	3	2
nagE_2	3	2
tarI	4	2
rcsC_6	2	2
bmrA_1	6	3
bmrA_2	6	4
bmrA_3	3	1
corA	9	6
fruA_8	9	8
yfhA	1	1
clcA_1	4	2
clcA_2	4	2
yhfP	3	1
mgrA	3	1
nupC_1	25	6
nupC_2	25	6
tagF_1	3	1
tagG_1	8	5
tuf_3	5	3
yxaF	13	4
crtM	5	3
crtN	4	4
tagB	7	5
tagF_2	3	2
tagG_2	8	4
salL	5	5
rocE	3	2
mmuM	4	2
mngR_1	3	3
oxyR	5	3
lysN	9	6
mngR_2	3	3
xylF	2	1
yrdA_1	2	2
yrdA_2	2	2
cmoM	2	2
xylA_1	2	2
xylA_2	2	2
yloB	3	3
yjcS_1	1	1
yjcS_2	1	1
cysL_1	3	3
dapE_1	7	7
dapE_2	7	6
cysL_2	3	3
fsaB	7	2
tcyP_1	6	5
aldC_1	6	3
alsS_1	6	3
glf_1	5	4
ugd_3	3	2
glf_2	5	3
gatA_3	32	13
aldC_2	6	4
alsS_2	6	4
tcyP_2	6	3
strH	5	1
mfpA	5	2
axeA	8	4
ygaZ_3	6	4
bmr3_3	6	1
mta_3	5	2
emrB_1	5	4
emrB_2	5	5
ychF_3	2	2
npr_4	5	3
lytA	1	1
pezT	1	1
yvyI	77	3
gmd	78	2
gerKI	77	3
potB_1	12	1
dapB_1	2	2
dapB_2	2	2
pepC_1	36	3
rmpB	4	4
kdgR	16	9
yoeB_1	6	2
manZ_9	41	12
pepC_2	36	5
iolB	159	3
iolD	159	4
mdh	35	1
frlB_5	55	11
yurK_3	43	4
licT_6	17	9
manZ_10	10	8
levE_3	9	5
potB_2	12	3
licT_7	2	2
yoeB_2	6	2
adhE_1	10	7
glpK_1	6	4
glpF_1	11	9
ywqC_1	7	6
ywqC_2	7	5
fcf1	4	2
purT	24	6
rffH	4	1
rlmCD_1	6	5
rlmCD_2	6	5
ftsA_1	11	4
ackA_1	11	6
expZ_3	4	3
glpK_2	6	3
dhaD	6	4
dhaM	6	3
dhaT	5	2
dhaK_3	6	4
dhaL_3	7	4
ackA_2	11	5
glpF_2	11	3
adhE_2	10	3
sucD	9	2
ccmL	9	1
ftsA_2	11	4
pduL	9	2
pduA_1	10	3
ddrA	10	3
pduD	10	2
pduC	10	2
pduB	10	3
pduA_2	10	3
pduU	10	3
pduV	10	2
dhaL_4	3	1
ybjI_1	5	2
ybjI_2	5	2
ganB	2	2
sorC_3	11	7
rimM_1	2	2
rimM_2	2	2
dnaE_1	2	2
dnaE_2	2	2
lmrA	5	4
murQ_1	7	7
typA_1	2	2
typA_2	2	2
yfeW	8	6
murQ_2	7	7
murQ_3	1	1
ybbH_4	10	8
tal	4	1
tkt_1	5	5
tkt_2	5	3
ywlF	4	1
mnmC	2	2
tkt_3	4	3
gadC	7	6
uxaB_3	2	2
malL_5	3	3
ebrB	1	1
slmA	1	1
nnrD_1	4	3
nnrD_2	4	3
merR1_1	3	2
merA_1	4	3
merA_2	4	3
merR1_2	3	2
pucR	1	1
fixK_1	1	1
copZ_4	2	1
fixK_2	1	1
btuD_8	6	6
dppC_1	2	2
dppC_2	2	2
ydjG	2	1
ydjH	2	1
pstA	10	3
murD_1	2	2
murD_2	2	2
hisC_1	5	4
hisC_2	5	4
ycnE	3	1
serA	3	1
czcR	51	1
lacR_5	17	5
recU_1	3	2
recU_2	3	3
ftsH_1	3	3
ftsH_2	3	3
mutL_1	5	4
mutL_2	5	4
yoaB_1	6	4
yoaB_2	6	4
nrdD_1	2	2
nrdD_2	2	2
msrAB	1	1
apnhaP	1	1
por_1	267	8
por_2	267	7
nag3	230	8
uxuA_3	255	11
rhaR_6	147	23
repN_1	50	4
repN_2	50	14
gmuE_6	39	10
arcB_1	131	10
iolE_1	123	5
arcB_2	131	10
iolA	124	3
iolG_1	125	3
iolG_2	125	3
iolE_2	123	5
yidK	124	1
yciC	125	2
ribZ_3	123	4
bca	319	30
hssS	13	4
truA	91	13
pycA_1	3	3
pycA_2	3	3
yfmL_1	2	2
yfmL_2	2	2
glmS_5	1	1
recD2_1	2	2
recD2_2	2	2
lacG_6	24	9
manX_8	53	9
umpA	95	5
gtaB_3	8	8
qorB_1	4	3
qorB_2	4	4
ntcA	25	2
vanXB	248	6
vanB	248	10
vanH	356	8
vanW	248	12
vanS-B	248	9
hprR	248	2
degV_1	3	2
degV_2	3	3
gpsA	4	3
rspR_3	171	7
menE_1	13	8
menE_2	13	9
aacA-aphD_1	16	6
aacA-aphD_2	16	10
ssbA_1	3	1
ssbA_2	3	1
sunS	1	1
recQ_3	8	8
ccpB_1	4	4
ccpB_2	4	4
vanY	108	8
vanX	111	3
vanA	110	3
soj_5	91	19
spo0J_1	3	1
walK_1	7	5
ebgA_1	1	1
qseB_1	2	2
sacA_3	2	2
ebgA_2	1	1
guaA_3	1	1
qseB_2	2	1
fadG_1	1	1
fadG_2	1	1
walK_2	7	7
serS_3	1	1
serS_4	1	1
spo0J_2	3	3
tet(O)	2	1
noc	5	4
xylP_1	15	4
xylP_2	15	4
yncB	27	1
soj_6	10	8
COQ5_4	7	4
soj_7	2	1
ldh	25	4
yxdM	8	4
tetM_3	7	5
wecA_1	7	5
wecA_2	7	6
recJ	2	1
cof	6	6
sasA_5	10	9
bceB	66	23
ghrA	6	2
spxA	6	4
gtaB	2	2
irtA	20	7
mntD	37	11
licA	12	1
pchR	18	5
puuD_1	3	3
puuD_2	3	2
lacD1	71	3
Int-Tn_3	18	10
repE_1	9	5
repE_2	9	6
kduD_1	4	3
kduD_2	4	4
pdxB	8	3
bin3_9	18	6
srtB	2	2
virD4	1	1
yvbK_1	1	1
epmA	2	2
yvbK_2	1	1
yacP	8	2
ftsY_1	4	3
rpsE_1	3	3
pyrE_1	2	1
eno_1	3	2
dnaN_1	2	2
glnA_1	3	1
yvgN_1	4	1
thrS_1	2	2
rlmN_1	2	2
ktrA_1	2	1
rhlE	2	2
sdaB	1	1
mdtJ	1	1
pyrE_2	2	2
senX3	1	1
fadB	1	1
atoE	1	1
kdpE	5	4
glyQS	1	1
opuD	2	2
argP	1	1
thrS_2	2	2
dnaN_2	2	2
crt	1	1
yvgN_2	4	3
eno_2	3	3
fadD3_1	1	1
ino1	1	1
rlmN_2	2	2
rpsE_2	3	2
pnp_3	2	2
pepPI	1	1
fadD3_2	1	1
ppk2B	1	1
glnA_2	3	3
ccsA	1	1
ktrA_2	2	2
lcpA	1	1
purU	1	1
nreB	2	2
thiB	1	1
QRSL1	1	1
rpsR1	1	1
trpB	2	2
ydaD	1	1
ftsY_2	4	4
ydiB	1	1
araA_1	4	2
algC_1	7	4
algC_2	7	5
araA_2	4	3
araR_3	3	2
hypBA1_1	2	2
hypBA1_2	2	2
yxdL_3	1	1
bglF_8	4	4
higA-2	2	1
entHF	2	1
legG	9	1
yfnB	12	7
abfA	6	4
ulaR	1	1
ptsN	2	1
vbhT	1	1
lacD2_3	2	2
pyrC_1	2	1
pyrC_2	2	2
nox	18	1
pcp_1	1	1
pcp_2	1	1
fur_1	3	1
cvfB_1	3	1
mapZ_1	3	1
dnaG_1	3	1
ydjP_1	2	1
ydjP_2	2	1
dnaG_2	3	2
mapZ_2	3	2
cvfB_2	3	2
fur_2	3	2
ctpE_3	3	3
pepT_1	2	2
pepT_2	2	2
repD_1	40	13
repD_2	40	8
helD	42	10
erm_1	4	3
erm_2	4	3
hin_4	28	12
bceA	3	2
dtxR_1	1	1
zwf_1	2	1
ileS_1	1	1
divIVA_1	1	1
sepF_1	1	1
yggS_1	1	1
ftsZ_1	1	1
divIB_1	1	1
murG_1	1	1
mraY_1	1	1
ftsL_1	1	1
rsmH_1	1	1
mraZ_1	1	1
recN_1	1	1
tlyA_1	1	1
xseB_1	1	1
xseA_1	1	1
folD_1	1	1
nusB_1	2	1
ypdF_1	1	1
rpmA_1	1	1
rplU_1	1	1
dauA_1	2	1
trmR_1	2	2
lplJ_1	1	1
ysdC_1	1	1
dltD_1	2	1
dltC_1	1	1
rsmI_1	1	1
yabA_1	1	1
darA_1	1	1
tmk_1	1	1
recR_1	1	1
larR_1	1	1
yfcJ_1	1	1
rpmE2_1	2	1
rho_1	1	1
pyrG_1	1	1
glnR_1	1	1
yadH_1	2	2
dus_1	1	1
ywnA_1	3	1
proA_1	2	1
proB_1	2	1
dut_1	2	1
radA_1	4	2
yacL_1	2	2
gltX_1	2	1
cysS_1	2	1
mrnC_1	1	1
veg_1	1	1
elaA_1	1	1
mscL_1	1	1
cinA_1	4	3
recA_1	2	1
rny_1	1	1
proC_1	2	2
ispE_1	2	1
znuC_1	6	3
znuB_1	1	1
glmU_1	1	1
prs_1	1	1
thiT_1	1	1
rpoZ_1	1	1
priA_1	1	1
fmt_1	2	2
rsmB_1	1	1
stp_1	3	1
rsgA_1	1	1
thiN_1	2	2
mreC_1	1	1
lytG_1	1	1
xpt_1	2	1
purE_1	2	1
purK_1	3	3
purB_1	1	1
purS_1	1	1
purQ_1	1	1
purL_1	2	1
purM_1	1	1
purN_1	1	1
purH_1	1	1
chvE_1	1	1
norG_1	1	1
pdhA_1	1	1
cysQ_1	1	1
rsmD_1	1	1
coaD_1	1	1
ylbL_1	1	1
yqeN_1	1	1
rpsT_1	2	1
queG_1	2	1
pckA_1	2	1
thiO_1	2	1
graR_1	2	2
graS_1	3	2
act_1	3	2
mtnN_1	1	1
pepO_1	3	3
prs2_1	1	1
mnmA_1	1	1
vioD_1	1	1
mgsR_1	1	1
iscU_1	1	1
sph_1	1	1
glpO_1	2	2
dhaM-2_1	1	1
tyrS1_1	1	1
rsmG_1	3	3
mnmG_1	1	1
mnmE_1	1	1
misCA_1	2	1
rnpA_1	1	1
rpmH_1	2	1
dnaA_1	2	2
gyrB_1	2	2
gyrA_1	1	1
rpsF_1	1	1
rpsR_1	1	1
gdpP_1	4	3
rplI_1	2	1
purA_1	1	1
zupT_1	2	2
coaA_1	1	1
rsmC_1	1	1
pdp_1	1	1
deoC_1	8	3
cdd_1	2	1
mglA_1	1	1
punA_1	1	1
rpiA_1	1	1
rpsL_1	2	1
rpsG_1	2	1
rpsJ_1	1	1
rplC_1	1	1
rplD_1	2	1
rplW_1	2	1
rplB_1	1	1
rpsS_1	1	1
rplV_1	2	1
rpsC_1	2	1
lnrK_1	1	1
ysdC_2	1	1
lplJ_2	1	1
trmR_2	2	2
rplU_2	1	1
rpmA_2	1	1
trkA	2	2
trkG	1	1
nagB_1	1	1
vat	1	1
rsuA_1	2	2
sapB_1	1	1
cseB	1	1
nrdH_1	1	1
leuD	1	1
leuC	1	1
leuB	1	1
leuA	2	2
oppB_1	4	4
ffh_1	1	1
tag_1	2	2
chrR_1	1	1
rpsP_1	1	1
trmD_1	1	1
rplS_1	1	1
pbp_1	2	2
napA_1	2	2
bbmA_1	1	1
malG_1	1	1
cfa_1	1	1
nylA_1	2	2
yckB_1	11	2
yckB_2	11	2
hmpT_1	2	1
pdxK_1	2	1
frmB	1	1
leuS_1	1	1
murE_1	2	2
pbpF_1	1	1
yhaM_1	1	1
graR_2	2	2
graS_2	3	3
act_2	3	2
mtnN_2	1	1
yqaB	1	1
crcB_1	2	2
crcB_2	2	2
rhaD_1	3	3
hprA	1	1
prmA_1	2	2
rsmE_1	1	1
relA_1	2	2
dtd_1	1	1
fumC	1	1
bcrR_1	1	1
metG_1	1	1
mtgA_1	1	1
tyrS1_2	1	1
nfo_1	2	2
proA_2	2	2
proB_2	2	2
hom	2	2
thrC	2	2
thrB	1	1
metAA	2	2
yqfL_1	1	1
zur_1	1	1
rpsU_1	2	2
yqeY_1	1	1
pgpH_1	1	1
ybeY_1	2	2
dgkA_1	1	1
era_1	1	1
recO_1	2	2
hisG	1	1
hisD	1	1
hisB	1	1
hisH	1	1
hisA	1	1
hisF	1	1
hisI	1	1
hisK_1	1	1
glyQ_1	1	1
glyS_1	1	1
yqfL_2	1	1
ccpN	1	1
cuyA	1	1
yknX_1	1	1
macB_1	1	1
yidC_1	6	6
acyP_1	4	4
efp_1	2	2
drdA_1	1	1
hxlB_1	4	2
hxlB_2	4	2
rpiB_1	1	1
srlR_1	3	3
gatC_5	8	6
hxlB_3	1	1
rpe_4	2	2
gatC_6	1	1
rlmH_1	1	1
htrA_1	1	1
ytpP_1	3	3
rihC_1	1	1
inlJ	1	1
yiaC_1	1	1
padC_1	1	1
lpdC_1	2	2
hssR_1	1	1
ydfK_1	1	1
rbsD_1	1	1
yjcD_1	1	1
cysK_1	1	1
perR_1	1	1
dnaD_1	1	1
nth_1	1	1
gpsB_1	1	1
rlmL_1	1	1
yedJ_1	1	1
cshB_1	1	1
fieF_1	1	1
rnhA_1	1	1
fhs1_1	1	1
lspA_1	1	1
pyrR_1	2	1
pyrP_1	1	1
pyrB_1	1	1
carA_1	1	1
carB_1	1	1
pyrK_1	1	1
pyrDB_1	1	1
pyrF_1	1	1
cah_1	1	1
rqcH_1	8	4
aroE_1	1	1
rpsQ_1	2	2
rplN_1	2	2
rplX_1	2	2
rplE_1	1	1
rpsH_1	2	2
rplF_1	2	2
rplR_1	2	2
rpmD_1	2	2
rplO_1	2	2
secY_1	1	1
infA_1	1	1
rpmJ_1	1	1
rpsM_1	1	1
rpsK_1	1	1
rpoA_1	1	1
rplQ_1	1	1
ecfA1_1	1	1
ecfA2_1	15	5
yeiL_1	1	1
rihB_1	1	1
mglA_2	1	1
rpmB_1	2	2
recG_1	2	2
plsX_1	1	1
acpP_1	1	1
sttH_1	1	1
rnc_1	1	1
ddl_1	1	1
cshA_1	1	1
acpS_1	2	2
alr_1	3	2
ndoA_1	2	2
deoR_1	1	1
opuCD_1	1	1
opuCC_1	3	3
opuCB_1	1	1
queA_1	2	2
tgt_1	2	2
fni_1	1	1
bbmA_2	1	1
cycB	2	2
malG_2	1	1
infC_1	1	1
rpmI_1	1	1
rplT_1	1	1
yxeN	1	1
tcyN	2	2
yxeM	1	1
pduW	1	1
sucD_1	1	1
ccmL_1	1	1
pduL_1	1	1
pduE	1	1
comGA_1	2	2
trmB_1	2	2
dat	1	1
hit_1	1	1
spoIIIE_1	1	1
fliY_1	1	1
celD_1	1	1
celA_1	3	3
tgt_2	2	2
adhE_3	1	1
yesR_1	1	1
rhaD_2	3	3
rhaM_1	1	1
kduI1_1	2	2
fni_2	1	1
galK_3	3	3
infC_2	1	1
rpmI_2	1	1
rplT_2	1	1
pepA_1	1	1
ytpP_2	3	3
htrA_2	1	1
rlmH_2	1	1
hhaIM_1	2	2
xre_1	1	1
pgi_1	1	1
aroD_1	1	1
rlmI_1	1	1
pgk_1	1	1
cggR_1	1	1
rpoE_1	2	1
lipL_1	1	1
gloA_1	1	1
ntpD_1	3	1
ntpB_1	2	1
ntpA_1	1	1
ntpG_1	1	1
ntpC_1	1	1
ntpK_1	3	3
yhaP_1	2	2
zapA_1	1	1
rnhC_1	1	1
mecA_1	1	1
yjbK_1	1	1
yjbM_1	1	1
mgtE_1	1	1
cutC_1	4	3
rlmA_1	1	1
trmL_1	1	1
lnrK_2	1	1
ytlR_1	1	1
rpmG3_1	1	1
secE_1	1	1
nusG_1	1	1
sdhA_1	2	1
sdhB_1	3	2
rplK_1	3	1
rplA_1	2	1
rplJ_1	1	1
rplL_1	1	1
nagB_2	1	1
sapB_2	1	1
nrdH_2	1	1
opuAA_1	2	2
upp_1	1	1
proX_1	1	1
yecS_3	1	1
fliY_2	1	1
spoIIIE_2	1	1
oppB_2	4	3
metG_2	1	1
rnmV_1	2	2
rsmA_1	3	2
niaX_1	2	2
parC_1	1	1
parE_1	1	1
yccU_1	1	1
plsY_1	1	1
codY_1	2	2
clpY_1	3	3
trmFO_1	2	2
dprA_1	1	1
rnhB_1	1	1
rbgA_1	1	1
yhaM_2	1	1
hit_2	1	1
trmB_2	2	2
comGA_2	2	2
prmA_2	2	2
rsmE_2	1	1
relA_2	2	2
dtd_2	1	1
hisS_1	1	1
aspS_1	1	1
yfiC_1	1	1
plsC_1	1	1
sbcD_1	1	1
ypuA	1	1
asnB_1	1	1
yhfK_1	2	2
pdxK_2	2	2
hmpT_2	2	2
pheA_1	4	3
aroK_1	1	1
aroA_1	1	1
aroC_1	1	1
aroB_1	1	1
aroF_1	1	1
aroE_2	1	1
opuBA_1	1	1
pckA_2	2	2
rqcH_2	8	5
eutQ	1	1
ccmL_2	1	1
pduL_2	1	1
pduA_3	1	1
adhE_4	1	1
eutL	1	1
eutC	1	1
eutB	1	1
pdtaS	1	1
pdtaR	1	1
adhE_5	1	1
tsaE_1	2	1
pta_1	1	1
ung_1	1	1
pnuC_1	1	1
gdx_1	1	1
pspB_1	1	1
mgtA_1	2	2
ltaS1_3	1	1
rnfC_1	1	1
rnfD_1	1	1
rnfG	1	1
rsxE	1	1
rnfA	2	2
rnfB	1	1
nagB_3	1	1
ypdF_2	1	1
efp_2	2	2
nusB_2	2	2
folD_2	1	1
xseA_2	1	1
xseB_2	1	1
tlyA_2	1	1
recN_2	1	1
mraZ_2	1	1
rsmH_2	1	1
ftsL_2	1	1
mraY_2	1	1
murG_2	1	1
divIB_2	1	1
ftsA_3	1	1
ftsZ_2	1	1
yggS_2	1	1
sepF_2	1	1
divIVA_2	1	1
ileS_2	1	1
rmlD_1	4	4
kduI1_2	2	2
kdgR_1	1	1
msmX_3	2	2
lrp_1	1	1
fbaA_1	1	1
gatC_7	1	1
fbaA_2	1	1
fbaA_3	1	1
vioD_2	1	1
nreC	1	1
nasD	1	1
nasE	1	1
nasF_1	1	1
hemC_1	1	1
celA_2	3	3
licR_4	1	1
murC_1	1	1
yhgF_1	4	4
pphA_1	1	1
gatC_8	1	1
amyS	1	1
engB_1	1	1
clpX_1	1	1
tig_1	2	2
yknX_2	1	1
macB_2	1	1
dus_2	1	1
ymdB_1	2	2
hsrA	1	1
cutC_2	4	4
cysL_3	1	1
lemA	1	1
fryA	1	1
alsE_1	1	1
slyA_1	1	1
potA_1	1	1
eltD	1	1
fbaA_4	1	1
rpe_5	1	1
yhaZ	1	1
rhaS_5	4	3
fldC	1	1
hadI	1	1
manY	4	4
pgiA_1	1	1
pgiA_2	1	1
metZ	1	1
tcyB	1	1
tcyC	1	1
pepA_2	1	1
ydfK_2	1	1
ycaM_1	1	1
braC	1	1
livH	1	1
lptB	1	1
livF	1	1
IMPDH_1	1	1
hpf_1	2	2
secA_1	2	2
prfB_1	1	1
ftsE_1	2	2
ftsX_1	1	1
gdx_2	1	1
elaA_2	1	1
pstC1	4	3
phoU_1	1	1
hprK_1	2	2
pepQ_1	1	1
dut_2	2	2
radA_2	4	4
yacL_2	2	2
gltX_2	2	2
cysS_2	2	2
mrnC_2	1	1
veg_2	1	1
mscL_2	1	1
cinA_2	4	4
recA_2	2	2
rny_2	1	1
ispE_2	2	2
znuC_2	6	4
znuB_2	1	1
glmU_2	1	1
prs_2	1	1
graR_3	1	1
graS_3	1	1
bceA_3	6	5
bceB_3	5	4
fieF_2	1	1
sucD_2	1	1
pta_2	1	1
buk2	1	1
nirC_1	1	1
trpE	1	1
pabA	1	1
trpD2	1	1
trpC	1	1
trpF	1	1
trpA_1	1	1
cydA	1	1
cydB	1	1
cydD	1	1
whiA_1	1	1
yvcJ_1	2	2
dnaK_1	2	2
grpE_1	1	1
hrcA_1	1	1
hemW_1	1	1
ribF_1	2	2
truB_1	3	3
gatC_9	1	1
gmuD_6	1	1
mvaS_1	2	2
fadA_1	1	1
iphP	1	1
ansB	1	1
yclM_1	2	2
ezrA_1	3	3
thiI_1	1	1
valS_1	1	1
fpgS_1	2	2
rnj1_1	1	1
yjdJ_1	1	1
secG_1	1	1
est_1	1	1
rnr_1	3	3
smpB_1	2	2
atpB_1	2	2
atpF_1	1	1
atpH_1	1	1
atpA_1	2	2
atpG_1	1	1
atpD_1	3	2
atpC_1	2	2
rasP_1	1	1
rimP_1	2	2
nusA_1	1	1
rplGA_1	1	1
infB_1	1	1
rbfA_1	1	1
truB_2	3	3
ribF_2	2	2
dapX_1	2	2
pstS1_3	1	1
ffh_2	1	1
ytrA	1	1
tag_2	2	2
chrR_2	1	1
rpsP_2	1	1
trmD_2	1	1
rplS_2	1	1
mtlD_3	10	2
mtlF_3	2	2
catE_1	1	1
azoR_1	3	3
gatB_3	2	2
gatA_4	1	1
gatC_10	1	1
engB_2	1	1
clpX_2	1	1
tig_2	2	2
alsE_2	1	1
hpdA	2	2
cutC_3	1	1
spsB_1	1	1
cysL_4	1	1
oraE	2	2
oraS	1	1
ortB	1	1
ortA	1	1
ord_1	1	1
rocC	1	1
orr	1	1
pepS_1	4	3
tagO_1	1	1
rmlB_1	7	4
rmlD_2	4	3
fbaA_5	1	1
COQ3_1	1	1
ygeA	1	1
rhaS_6	1	1
kduI1_3	1	1
kduD_3	1	1
yesR_2	1	1
siaQ	2	1
rhaM_2	1	1
gmuR_4	1	1
gmuD_7	1	1
hxlB_4	1	1
hxlA	2	2
thrZ	1	1
ubiB_1	1	1
hssR_2	1	1
ruvB_1	2	2
recR_2	1	1
tmk_2	1	1
darA_2	1	1
yabA_2	1	1
rsmI_2	1	1
nrgA	1	1
glnB	1	1
rnhB_2	1	1
rbgA_2	1	1
ctpA	1	1
slyA_2	1	1
flK	1	1
ypjD_1	1	1
lapB	1	1
hup_1	1	1
der_1	3	3
ypfD_1	1	1
cmk_1	2	2
fmnP_1	1	1
scpB_1	1	1
scpA_1	1	1
ribT_1	1	1
frr_1	1	1
pyrH_1	2	2
tsf_1	1	1
rpsB_1	1	1
argR_4	2	1
phnX_3	1	1
argS_1	2	1
arcA_1	2	1
tsaD_1	1	1
rimI_1	1	1
tsaB_1	1	1
galT_1	2	1
galE_1	1	1
yibN_1	1	1
glcK_1	1	1
yqgQ_1	1	1
gluP_1	1	1
yqgN_1	1	1
feuB_1	1	1
fepC_1	1	1
asnB_2	1	1
fldZ	1	1
kdgA_3	1	1
bacE	1	1
kdpA	4	3
kdpC	4	3
kdpD	4	3
rpsI_1	1	1
rplM_1	2	1
xylB_5	1	1
rpoC_1	2	1
rpoB_1	2	1
birA_1	1	1
cysQ_2	1	1
pdhA_2	1	1
mgtA_2	2	2
nfrA2	1	1
norG_2	1	1
purH_2	1	1
purN_2	1	1
purM_2	1	1
purL_2	2	2
purQ_2	1	1
purS_2	1	1
purB_2	1	1
purK_2	3	3
purE_2	2	2
pucK	3	3
xpt_2	2	2
tdcB	1	1
ald1	1	1
glgB	1	1
glgC	1	1
glgD	1	1
glgA	1	1
glgP	2	2
apu	1	1
linA	3	3
iolU_3	2	2
lytG_2	1	1
pbpF_2	1	1
rluD_3	5	5
murE_2	2	2
licR_5	1	1
penA_1	1	1
tmcAL_1	1	1
rsfS_1	1	1
nadD_1	1	1
yqeH_1	1	1
accA_1	1	1
accB_1	2	1
fabF_1	2	1
acpA_1	1	1
ykuJ_1	1	1
dgs_1	3	3
ptsI_1	1	1
ptsH_1	1	1
gpmA_6	2	2
pphA_2	1	1
yhgF_2	4	4
ydcF_1	1	1
murC_2	1	1
ybhL_1	1	1
polA_1	1	1
mutM_1	1	1
coaE_1	2	2
nrdR_1	1	1
dnaB_1	1	1
trmK_1	1	1
dagK_3	1	1
eis_4	1	1
yfeO_1	1	1
ypdF_3	1	1
pip	2	2
dtpA	1	1
rnfC_2	1	1
prdA_1	1	1
prdB_1	1	1
prdB_2	1	1
prdA_2	1	1
prdA_3	1	1
codB_1	1	1
selD	2	2
selB	1	1
csd_1	1	1
bceA_4	1	1
licC_8	1	1
mreC_2	1	1
ydjZ	1	1
ord_2	1	1
macB_3	1	1
yknY_3	1	1
bioY2_1	1	1
fba_4	2	2
gltX_3	2	2
gadB_1	2	2
yjeM_1	1	1
serC	1	1
ybiR	1	1
metC	1	1
ylmA	1	1
ald_1	1	1
acpB	1	1
acpA_2	1	1
hup_2	1	1
pchA	1	1
gatB_4	1	1
gatC_11	1	1
licR_6	1	1
gatC_12	1	1
gatD_1	2	2
rhaD_3	1	1
yoaD	1	1
drdK	1	1
mtnA	1	1
drdA_2	1	1
rbsK/rbiA_1	1	1
rbsD_2	1	1
potD_1	1	1
ydcV_1	1	1
potA_2	1	1
acuI_1	1	1
yhfK_2	2	2
yidA_4	1	1
smc_6	1	1
rnc_2	1	1
acpP_2	1	1
plsX_2	1	1
recG_2	2	2
rpmB_2	2	2
hpf_2	2	2
secA_2	2	2
prfB_2	1	1
ftsE_2	2	1
ftsX_2	1	1
clsA_3	2	2
pstS1_4	1	1
pstB3_3	1	1
pstB3_4	1	1
phoU_2	1	1
hprK_2	2	2
pepQ_2	1	1
xpkA_3	2	2
rhaR_7	5	2
chvE_2	1	1
celA_3	1	1
nag3_1	1	1
rhaS_7	1	1
rhaR_8	1	1
licA_5	1	1
frlD_1	1	1
azoR_2	3	3
gatD_2	2	2
murT_1	1	1
prfA_1	2	2
prmC_1	1	1
ywlC_1	1	1
glyA_1	1	1
upp_2	1	1
mgsR_2	1	1
iscU_2	1	1
yfcJ_2	1	1
manP_8	2	2
fryB	4	2
manP_9	1	1
manR_7	1	1
srlR_2	3	3
mepA_1	1	1
levE_4	3	2
dgaR_7	9	4
yeiL_2	1	1
noxE_1	1	1
ynjE	1	1
ynjB	1	1
rihB_2	1	1
ezrA_2	3	3
iscS_3	1	1
thiI_2	1	1
valS_2	1	1
fpgS_2	2	2
rnj1_2	1	1
miaA_1	1	1
hflX_1	1	1
rtcB	1	1
ilvD	1	1
ilvB_1	1	1
ilvH_1	1	1
ilvC	2	2
ilvA	1	1
uvrB_3	1	1
yvcJ_2	2	2
whiA_2	1	1
ctsR_1	2	2
rlhA_1	2	2
gor_1	3	3
birA_2	1	1
ecfA2_2	15	4
rpoB_2	2	2
rpoC_2	2	2
argH	2	2
argG	1	1
rplM_2	2	2
rpsI_2	1	1
pgpH_2	1	1
ybeY_2	2	2
dgkA_2	1	1
era_2	1	1
recO_2	2	2
glyQ_2	1	1
glyS_2	1	1
mtgA_2	1	1
dapX_2	2	2
decR	1	1
yghA_1	1	1
pepX	1	1
opuAA_2	2	2
manR_8	1	1
gatC_13	1	1
drdA_3	1	1
gatC_14	1	1
gatB_5	1	1
fabG_4	1	1
sorC_4	1	1
bfmBAB	1	1
pdhD_3	1	1
proC_2	2	2
rhaR_9	1	1
ygjI	1	1
rhaR_10	1	1
assT	1	1
aadK_1	7	4
ppnP	1	1
thyA1	1	1
rhaS_8	1	1
mepA_2	1	1
nsrR_1	1	1
ytbE	4	4
mnaA_1	3	3
rhaR_11	1	1
yfeO_2	1	1
dtnK	3	3
adh1	3	3
pdxA2	1	1
tabA	1	1
ywnA_2	3	3
hrtA_3	4	4
ykuR	1	1
lysA_1	1	1
dapF_1	1	1
rarD_1	1	1
cysL_5	1	1
chrA	1	1
ydiM_1	1	1
aroE_3	1	1
ydiM_2	1	1
aroD_2	1	1
yadH_2	2	2
ypdF_4	1	1
celA_4	1	1
chbA	2	2
ypdE	1	1
licR_7	1	1
yjcD_2	1	1
hcxA_1	20	5
manZ_11	6	3
sorB_3	14	6
manX_9	2	2
eda	1	1
yheS_1	2	2
rex_3	1	1
clpP_4	2	2
miaA_2	1	1
hflX_2	1	1
glnR_2	1	1
crtK-2_1	2	2
yrrK_1	1	1
potD_2	1	1
ydcV_2	1	1
potA_3	1	1
puuR_1	1	1
acuI_2	1	1
coaBC_3	1	1
coaBC_4	1	1
panT_3	1	1
murB_1	1	1
yceM_1	1	1
exoA_1	1	1
polC_3	7	6
tsaE_2	2	2
crr_1	1	1
pta_3	1	1
ung_2	1	1
ywpJ_4	1	1
fadA_2	1	1
mvaS_2	2	2
dltD_2	2	2
dltC_2	1	1
bceB_4	1	1
bceA_5	1	1
asnS_1	2	2
aspB_1	1	1
iolU_4	1	1
punA_2	1	1
mglA_3	1	1
tmpC_3	1	1
cdd_2	2	2
deoC_2	8	4
pdp_2	1	1
rbsR_3	1	1
sorC_5	1	1
sorB_4	2	2
bacC_1	1	1
yeiL_3	1	1
ptxB	1	1
opuBA_2	1	1
phnE_1	2	2
phnE_2	2	2
cpdA_1	8	3
cpdB	1	1
ccpA_4	1	1
msmX_4	1	1
rpsC_2	2	2
rplV_2	2	2
rpsS_2	1	1
rplB_2	1	1
rplW_2	2	2
rplD_2	2	2
rplC_2	1	1
rpsJ_2	1	1
tuf_4	1	1
fusA	1	1
rpsG_2	2	2
rpsL_2	2	2
rpiA_2	1	1
gpmA_7	1	1
udk_1	2	2
rsuA_2	2	2
rplY	2	2
kup_1	1	1
rpsO_1	1	1
cobB_1	1	1
mltF_3	20	4
aspT_1	1	1
aspT_2	1	1
asD_1	1	1
rstB	1	1
crr_2	1	1
rsmA_2	3	3
rnmV_2	2	2
crr_3	1	1
rhaR_12	1	1
yheS_2	2	2
rex_4	1	1
yrrK_2	1	1
mleS_1	1	1
rhaR_13	1	1
entS_1	1	1
icd	1	1
citB	1	1
prpC	1	1
hhaIM_2	2	2
yqbD	1	1
xkdG	1	1
pbuG_3	1	1
menA_1	1	1
gutB	1	1
fruA_9	1	1
fruA_10	1	1
deoC2	1	1
metI_1	3	3
leuS_2	1	1
prfC_1	1	1
yhhT_1	3	2
mutY_1	1	1
recX_1	1	1
crtK-2_2	2	2
sodA_1	1	1
vraR_1	1	1
liaS_1	1	1
greA_1	1	1
mltG_1	1	1
pbpX_3	5	3
rmlD_3	1	1
rmlB_2	7	5
rmlA	4	3
wfgD	1	1
tagO_2	1	1
mioC	1	1
pepS_2	4	4
iolU_5	1	1
gltB	1	1
gltA	1	1
dtxR_2	1	1
zwf_2	2	2
queA_2	2	2
opuCB_2	1	1
opuCC_2	3	3
opuCD_2	1	1
kimA_1	3	3
ndoA_2	2	1
alr_2	3	3
acpS_2	2	2
cshA_2	1	1
ddl_2	1	1
ubiB_2	1	1
sppA_3	1	1
yycJ_1	2	1
MroQ_1	1	1
groS_1	1	1
groL_1	2	2
pncB2_1	1	1
nadE_1	1	1
trpS2_1	1	1
pheT_1	3	1
pheS_1	1	1
yodB_1	1	1
addA_1	1	1
addB_1	1	1
gpsB_2	1	1
rlmL_2	1	1
yedJ_2	1	1
cshB_2	1	1
clsA_4	1	1
rnhA_2	1	1
cspC	1	1
fhs1_2	1	1
argC	1	1
argJ	1	1
argB	1	1
argD	1	1
rpsT_2	2	2
gltD	1	1
yqeN_2	1	1
ylbL_2	1	1
coaD_2	1	1
rsmD_2	1	1
mtgA_3	1	1
nfo_2	2	2
bglF_9	1	1
yqfL_3	1	1
zur_2	1	1
rpsU_2	2	2
yqeY_2	1	1
ddpA	1	1
ddpB	1	1
ddpC	1	1
yfkJ_1	2	2
ruvB_2	2	2
ruvA_1	1	1
msrB_1	1	1
maf_1	1	1
mutS_3	3	3
ymdB_2	2	2
nirC_2	1	1
rpsD_1	2	1
bioY2_2	1	1
queT_3	1	1
yohK_1	1	1
rpoN	1	1
cggR_2	1	1
pgk_2	1	1
tpiA_3	1	1
dauA_2	2	2
pyrG_2	1	1
fba_5	1	1
rho_2	1	1
rpmE2_2	2	2
tmcAL_2	1	1
rsfS_2	1	1
nadD_2	1	1
yqeH_2	1	1
artM_4	1	1
yecS_4	1	1
mltF_4	1	1
accA_2	1	1
accD_3	1	1
accB_2	2	2
fabF_2	2	2
fabG_5	1	1
fabD_3	2	2
acpA_3	1	1
aroF_2	1	1
aroB_2	1	1
aroC_2	1	1
aroA_2	1	1
aroK_2	1	1
pheA_2	4	2
rhaR_14	1	1
yknY_4	1	1
cobS	1	1
cobU	1	1
hemC_2	1	1
cobQ	1	1
cbiO	2	2
cbiQ	1	1
cbiN	1	1
cbiM	1	1
cbiL	1	1
cbiK	1	1
nasF_2	1	1
cbiJ	1	1
cbiH	1	1
cbiG	1	1
cbiF	1	1
cbiT	1	1
cbiE	1	1
cbiD	1	1
cbiC	1	1
cobD_1	1	1
cbiA	1	1
pduX	1	1
cobD_2	1	1
ypjD_2	1	1
der_2	3	2
ypfD_2	1	1
cmk_2	2	2
recQ_4	1	1
fmnP_2	1	1
rluB_3	2	2
scpB_2	1	1
scpA_2	1	1
ribT_2	1	1
xerD_4	1	1
thiT_2	1	1
yfkJ_2	2	2
ruvB_3	1	1
ruvA_2	1	1
yohK_2	1	1
msrB_2	1	1
maf_2	1	1
mutS_4	1	1
ymdB_3	1	1
ycdA	1	1
rpsD_2	2	2
uppS_1	1	1
frr_2	1	1
pyrH_2	2	2
tsf_2	1	1
rpsB_2	1	1
argR_5	1	1
tmpC_4	1	1
argS_2	2	2
arcB_3	1	1
tsaD_2	1	1
rimI_2	1	1
rimI_3	1	1
tsaB_2	1	1
galT_2	2	2
galE_2	1	1
yibN_2	1	1
glcK_2	1	1
yqgQ_2	1	1
ecfA1_2	1	1
ecfA2_3	1	1
rihA	1	1
rbsK/rbiA_2	1	1
licT_8	1	1
glcU_5	1	1
clpP_5	1	1
pth_1	2	2
murJ_5	2	2
tilS_1	1	1
hpt_1	1	1
dusB_1	3	3
lysS_1	2	2
manX_10	1	1
sorB_5	1	1
manZ_12	2	2
hcxA_2	20	3
sttH_2	1	1
fsaA_1	1	1
ldh_4	1	1
pth_2	2	2
murJ_6	1	1
tilS_2	1	1
hpt_2	1	1
dusB_2	3	3
lysS_2	2	2
grdE	1	1
grdA_1	1	1
grdA1_1	1	1
grdB_1	1	1
grdB_2	1	1
trxB_3	1	1
grdC_1	1	1
grdD_1	1	1
tenA	1	1
ilvB_2	1	1
ilvH_2	1	1
rsmG_2	3	3
mnmG_2	1	1
mnmE_2	1	1
misCA_2	2	2
rnpA_2	1	1
rpmH_2	2	2
dnaA_2	2	2
lsrK	1	1
kduD_4	1	1
carE	1	1
carD	1	1
opuBD	1	1
opuCC_3	1	1
opuCB_3	1	1
opuCA_3	1	1
kduD_5	1	1
ygcP_1	1	1
yqcE	1	1
ydiM_3	1	1
iolG_3	1	1
aroD_3	1	1
folT_3	1	1
pepO_2	3	3
prs2_2	1	1
iscS_4	1	1
licT_9	1	1
licC_9	1	1
srlR_3	1	1
ygcP_2	1	1
lhgD	1	1
pheT_2	3	3
pheS_2	1	1
yodB_2	1	1
addA_2	1	1
addB_2	1	1
spsB_2	1	1
ygaZ_4	1	1
rhaR_15	1	1
pyrF_2	1	1
pyrDB_2	1	1
pyrK_2	1	1
carB_2	1	1
carA_2	1	1
pyrB_2	1	1
pyrP_2	1	1
pyrR_2	2	2
rluD_4	1	1
lspA_2	1	1
yycJ_2	2	2
MroQ_2	1	1
groS_2	1	1
groL_2	2	2
pncB2_2	1	1
nadE_2	1	1
ttcA	1	1
yhhT_2	3	3
prfC_2	1	1
ptsH_2	1	1
ptsI_2	1	1
dgs_2	3	3
ykuJ_2	1	1
cfa_2	1	1
udk_2	2	2
yfnB_4	1	1
rsuA_3	1	1
kup_2	1	1
pnp_4	1	1
rpsO_2	1	1
def_3	2	2
dapH_5	1	1
cobB_2	1	1
mltF_5	1	1
artM_5	1	1
bcrR_2	1	1
manZ_13	1	1
levE_5	1	1
nagR_5	1	1
mhqA_4	1	1
yeiL_4	1	1
napA_2	2	2
yvdM_4	1	1
bglF_10	1	1
rhaR_16	1	1
napA_3	1	1
tpiA_4	1	1
codB_2	1	1
apc3	1	1
rpe_6	1	1
ysdC_3	1	1
gatB_6	1	1
gatC_15	1	1
mtnX	1	1
rsxC	1	1
mtnK	1	1
azoR_3	1	1
proS_1	2	2
hpr	2	2
hisS_2	1	1
aspS_2	1	1
trmL_2	1	1
rlmA_2	1	1
cutC_4	1	1
mgtE_2	1	1
nadK	1	1
yjbM_2	1	1
yjbK_2	1	1
pat	1	1
hcxA_3	1	1
artP	2	2
yecS_5	1	1
artM_6	1	1
lpdC_2	2	2
yeiL_5	1	1
proX_2	1	1
ecsA_3	1	1
ytlR_2	1	1
queT_4	1	1
rpmG3_2	1	1
secE_2	1	1
nusG_2	1	1
scaC_3	2	2
psaA	2	2
sdhA_2	2	2
sdhB_2	3	3
rplK_2	3	3
rplA_2	2	2
rplJ_2	1	1
rplL_2	1	1
aqpZ2	1	1
mshA_3	1	1
mnaA_2	3	3
nsrR_2	1	1
grdI	2	2
grdD_2	1	1
grdC_2	1	1
grdA1_2	1	1
grdA_2	1	1
trxA_3	2	2
trxB_4	1	1
pflD	1	1
cutD_1	1	1
puuR_2	1	1
licC_10	1	1
gmuR_5	1	1
dhaM-2_2	1	1
rpoZ_2	1	1
priA_2	1	1
def_4	1	1
fmt_2	2	2
rsmB_2	1	1
phpP	1	1
rsgA_2	1	1
rpe_7	1	1
thiN_2	2	2
mreC_3	1	1
xpkA_4	1	1
ndkA	1	1
tpiA_5	1	1
fba_6	1	1
deoR_2	1	1
rhaS_9	1	1
yicL	3	2
manX_11	1	1
manZ_14	1	1
manX_12	1	1
apsD	1	1
ntpK_2	3	2
atpE_3	1	1
ntpC_2	1	1
ntpG_2	1	1
ntpA_2	1	1
ntpB_2	2	2
ntpD_2	3	3
ntpJ_3	1	1
gloA_2	1	1
lipL_2	1	1
rpoE_2	2	2
nrnA_1	1	1
IMPDH_2	1	1
rnj2_1	1	1
uxuA_4	1	1
kdgA_4	1	1
nag3_2	1	1
licC_11	1	1
murK	1	1
srlB_3	1	1
srlE_3	1	1
srlA_3	1	1
licR_8	1	1
fabG_6	1	1
bglH_8	2	2
ccpB_3	1	1
rsgA_3	1	1
lrpC_1	1	1
csd_2	1	1
pfkA_1	28	4
pyk_1	2	2
gnd_1	1	1
ctsR_2	2	1
rlhA_2	2	1
gor_2	3	2
menA_2	1	1
norW_1	1	1
gyrB_2	2	2
gyrA_2	1	1
rpsF_2	1	1
rpsR_2	1	1
gdpP_2	4	4
rplI_2	2	2
purA_2	1	1
pptA	1	1
gltR	1	1
psiE	1	1
fruA_11	1	1
manP_10	1	1
licR_9	1	1
atpC_2	2	2
atpD_2	3	3
atpG_2	1	1
atpA_2	2	2
atpH_2	1	1
atpF_2	1	1
atpE_4	1	1
atpB_2	2	2
smpB_2	2	2
rnr_2	3	3
est_2	1	1
secG_2	1	1
yjdJ_2	1	1
rihB_3	1	1
manX_13	1	1
manZ_15	1	1
sorC_6	1	1
dgaR_8	6	3
lrpC_2	1	1
truA_3	4	4
ecfT_3	10	8
ecfA2_4	1	1
ecfA1_3	1	1
rplQ_2	1	1
rpoA_2	1	1
rpsK_2	1	1
rpsM_2	1	1
rpmJ_2	1	1
infA_2	1	1
secY_2	1	1
rplO_2	2	1
rpmD_2	2	1
rplR_2	2	1
rplF_2	2	2
rpsH_2	2	2
rplE_2	1	1
rplX_2	2	2
rplN_2	2	2
rpsQ_2	2	2
bsaA_1	1	1
cysM_1	1	1
efp_3	1	1
lysA_2	1	1
dapF_2	1	1
dapA_3	4	4
dapB_3	1	1
dapH_6	1	1
asd_1	1	1
yclM_2	2	2
scmP_1	5	4
dapX_3	1	1
trpA_2	1	1
manR_9	1	1
tal_1	1	1
sasA_6	3	2
frlD_2	1	1
manZ_16	1	1
agaC_4	1	1
dgaR_9	1	1
frlB_6	4	4
pfkA_2	28	4
gadB_2	2	2
licR_10	1	1
ptcA_3	1	1
licC_12	1	1
ypdF_5	1	1
ysdC_4	1	1
clsA_5	1	1
acpA_4	1	1
ldh_5	1	1
ylbL_3	1	1
ywaC	1	1
licT_10	1	1
bglF_11	1	1
bglH_9	1	1
fruA_12	1	1
manZ_17	1	1
agaC_5	1	1
sorB_6	1	1
dgaR_10	1	1
drdA_4	1	1
kimA_2	3	3
tdh_3	1	1
queG_2	2	2
licC_13	1	1
licC_14	1	1
rarD_2	1	1
licC_15	1	1
celA_5	1	1
tam	1	1
ald_2	1	1
kynU	1	1
lrpC_3	1	1
uppS_2	1	1
rasP_2	1	1
proS_2	2	2
polC_4	1	1
rimP_2	2	2
nusA_2	1	1
rplGA_2	1	1
infB_2	1	1
rbfA_2	1	1
purC_3	1	1
ssb_5	7	4
yidA_5	1	1
gpmA_8	1	1
osmV	1	1
dinG_5	1	1
aspB_2	1	1
asnS_2	2	2
yccF_1	1	1
ycaM_2	1	1
nth_2	1	1
dnaD_2	1	1
lapA	1	1
rnz_1	1	1
bphD	1	1
pnuC_2	1	1
frlB_7	1	1
manZ_18	1	1
agaC_6	1	1
rnz_2	1	1
obg_1	1	1
gap_3	7	5
menH_4	1	1
cutD_2	1	1
hisK_2	1	1
sufS_3	1	1
licT_11	1	1
bglC_4	1	1
bglF_12	1	1
yiaC_2	1	1
galK_4	1	1
rhaR_17	1	1
deoC1	1	1
thiO_2	2	2
spsB_3	1	1
mneS	10	3
yeeO	1	1
metI_2	3	3
metQ_6	1	1
gatD_3	1	1
murT_2	1	1
ntpJ_4	1	1
queH_1	1	1
spsB_4	1	1
prfA_2	2	2
prmC_2	1	1
ywlC_2	1	1
glyA_2	1	1
tagU_6	1	1
sodA_2	1	1
ghrB_3	1	1
vraR_2	1	1
liaS_2	1	1
greA_2	1	1
mltG_2	1	1
ptsG_6	1	1
murR_5	1	1
xylB_6	1	1
malH_3	1	1
ybhL_2	1	1
polA_2	1	1
mutM_2	1	1
coaE_2	2	2
nrdR_2	1	1
dnaB_2	1	1
trmK_2	1	1
pepT_3	1	1
sbnD_3	1	1
pfkA_3	1	1
pyk_2	2	2
gltC_5	1	1
bglF_13	1	1
rpiB_2	1	1
rpe_8	1	1
gldA_3	1	1
fsaA_2	1	1
cutC_5	1	1
srlR_4	1	1
csdA	1	1
kdgR_2	1	1
kdgK_3	1	1
kdgA_5	1	1
ykoD_1	11	8
ecfT_4	1	1
fsaA_3	1	1
sorC_7	1	1
ltaE	1	1
gph_4	2	2
sbcD_2	1	1
plsC_2	1	1
yfiC_2	1	1
metQ_7	1	1
odh	1	1
baiA	2	2
gatD_4	1	1
gatC_16	1	1
gatB_7	1	1
gatA_5	1	1
yghA_2	1	1
yidA_6	1	1
dacA_3	2	2
acyP_2	4	4
yidC_2	6	6
tadA_4	1	1
lrp_2	1	1
rpmF_3	2	2
btuD_9	1	1
uvrC_3	1	1
sasA_7	1	1
walR_3	3	3
btuD_10	1	1
dinB_4	21	13
pdxK_3	1	1
padC_2	1	1
asD_2	1	1
xerC_18	5	4
degA_6	7	3
cpdA_2	8	3
dedA	1	1
ybbH_5	2	2
metH_1	1	1
sbmC	1	1
rhaS_10	1	1
catE_2	1	1
mleS_2	1	1
pgpB	1	1
gltC_6	1	1
metF	1	1
manX_14	1	1
manZ_19	1	1
frlB_8	1	1
norR_4	5	2
adhR_1	5	4
nrnA_2	1	1
IMPDH_3	1	1
rnj2_2	1	1
asd_2	1	1
yfcJ_3	1	1
fruA_13	1	1
ptsG_7	1	1
glcB_3	1	1
arcA_2	2	2
cysM_2	1	1
mhqA_5	1	1
spsB_5	1	1
walR_4	1	1
glpO_2	2	2
glpK_3	1	1
glpF_3	1	1
manZ_20	1	1
sorC_8	1	1
levE_6	1	1
manX_15	1	1
tarJ	1	1
glcR_4	1	1
tag_3	1	1
mgtB	3	3
parC_2	1	1
parE_2	1	1
yccU_2	1	1
plsY_2	1	1
ftsW_4	1	1
rodA_3	1	1
tagU_7	1	1
sdsA	2	2
norW_2	1	1
ltaS1_4	1	1
rlmI_2	1	1
aroD_4	1	1
ybaK_3	1	1
pgi_2	1	1
yhaP_2	2	2
uvrC_4	1	1
trxA_4	1	1
mutS2_4	1	1
zapA_2	1	1
yjdF	1	1
rihC_2	1	1
gspA_4	1	1
tmpC_5	1	1
yeiL_6	1	1
glnQ_4	1	1
phnE_3	1	1
cpdA_3	1	1
grdH_1	1	1
grdH_2	1	1
rspR_4	1	1
bbmA_3	1	1
gadC_6	1	1
gadB_3	1	1
pflB_3	1	1
dprA_2	1	1
trmFO_2	2	2
xerC_19	1	1
clpQ	2	2
clpY_2	3	3
codY_2	2	2
acr3	3	3
yadH_3	1	1
degA_7	1	1
ada	1	1
entS_2	1	1
dhaA	1	1
xerS_3	1	1
murJ_7	1	1
rffG	4	3
ydaF	2	2
COQ3_2	1	1
xre_2	1	1
srlR_5	1	1
rpiB_3	1	1
tal_2	1	1
tpi-2	1	1
dhaM-2_3	1	1
dhaK-2	1	1
dhaL-2	2	2
aptA_1	1	1
aptB_1	1	1
truA_4	1	1
ribU	1	1
metH_2	1	1
dnaK_2	2	2
grpE_2	1	1
hrcA_2	1	1
hemW_2	1	1
deoB_3	1	1
hmo_1	2	2
yckB_3	1	1
yecS_6	1	1
walR_5	1	1
sasA_8	1	1
gmuD_8	1	1
ptcB_4	3	3
celD_2	1	1
gmuR_6	1	1
gmuC_6	1	1
ywqE_3	1	1
araD_3	1	1
xylB_7	1	1
dinB_5	5	5
lacX_3	1	1
lacF_8	9	7
coaA_2	1	1
rsmC_2	1	1
sorC_9	1	1
fabG_7	1	1
licR_11	1	1
srlA_4	1	1
srlE_4	1	1
fepC_2	1	1
feuB_2	1	1
yqgN_2	1	1
gluP_2	1	1
ltaS1_5	1	1
sauU	1	1
scmP_2	5	4
ligA_3	1	1
slyA_3	1	1
mepA_3	1	1
walR_6	1	1
bcrA_5	1	1
cmlA	1	1
nth_3	1	1
map_3	1	1
xerC_20	1	1
hxlB_5	1	1
rpe_9	1	1
nagZ	1	1
rhaS_11	1	1
sorC_10	1	1
sorC_11	1	1
srlE_5	1	1
srlA_5	1	1
ykuL	6	4
rpsN2_3	2	2
ydeA_3	1	1
cysK_2	1	1
perR_2	1	1
zupT_2	2	2
menA_3	1	1
trpS2_2	1	1
glnQ_5	1	1
sph_2	1	1
ddh	1	1
msrA_6	1	1
glcB_4	1	1
nanE_4	1	1
tagU_8	1	1
bacC_2	1	1
yjjP	1	1
btuD_11	1	1
gspA_5	1	1
gspA_6	1	1
niaX_2	2	2
menA_4	1	1
menA_5	1	1
aaxC	1	1
frlB_9	1	1
manX_16	1	1
manZ_21	1	1
bglH_10	1	1
bglA_4	1	1
lytR	1	1
srrA_5	1	1
hndA	1	1
rsxB	1	1
hndD	1	1
rhaR_18	1	1
aptB_2	1	1
aptA_2	1	1
araD_4	1	1
gatC_17	1	1
adhR_2	5	4
msrA_7	1	1
gmk_4	1	1
pbp_2	2	2
obg_2	1	1
gap_4	1	1
fabZ_4	1	1
degA_8	1	1
yvqK_3	1	1
rhaR_19	1	1
metI_3	2	2
patB_3	1	1
ywqC_3	1	1
ywqD_4	1	1
ywqE_4	1	1
recX_2	1	1
mutY_2	1	1
patB_4	1	1
lnrL_3	1	1
xerC_21	1	1
sasA_9	1	1
arlR_4	1	1
gnd_2	1	1
frlD_3	1	1
frlB_10	1	1
mepA_4	1	1
bltD	1	1
stp_2	3	3
rhaR_20	1	1
apbE_3	1	1
pepV_4	1	1
bglK_4	1	1
murA1_3	2	2
btuD_12	1	1
brnQ_3	3	2
rnhC_2	1	1
hutI	2	2
nylA_2	2	2
yccF_2	1	1
cah_2	1	1
rnfC_3	1	1
rnfD_2	1	1
pspB_2	1	1
mnmA_2	1	1
sipS	1	1
dinG_6	1	1
mprF_4	1	1
yvaM	1	1
ppdK	1	1
aacA-aphD_3	3	3
penA_2	1	1
bsaA_2	1	1
rpmGA_3	2	2
gno	1	1
aadK_2	7	4
COQ5_5	1	1
rhaS_12	1	1
yidD	1	1
murA1_4	2	2
entS_3	1	1
murB_2	1	1
yceM_2	1	1
exoA_2	1	1
ykoD_2	11	7
yknY_5	1	1
ssb_6	4	4
cobC_1	1	1
ydcF_2	1	1
patB_5	1	1
ltaS1_6	1	1
larR_2	1	1
melB	1	1
hmo_2	2	2
noxE_2	1	1
sasA_10	1	1
walR_7	1	1
sirC	1	1
yjeM_2	1	1
bcrR_3	1	1
alsT	1	1
gabD	1	1
xerC_22	1	1
yxeI	1	1
cobC_2	1	1
spxA_7	1	1
mecA_2	1	1
spxA_8	1	1
mshA_4	1	1
rimL	1	1
hexs-b	1	1
glcB_5	1	1
copG	28	1
queH_2	1	1
dtpT_1	3	3
dtpT_2	3	3
malL	10	6
mutS2	3	1
xerH	3	2
cdr	3	3
recQ	4	2
rluD	6	4
fliA	1	1
galK	1	1
menH	2	2
glcU	12	3
pstS1	5	4
gmk	3	3
uvrC	20	10
dfrD	1	1
pgcA_3	1	1
frlC	7	2
bga_1	7	5
bga_2	7	5
rbn_1	1	1
rbn_2	1	1
prsA	11	4
pchR_1	2	2
pchR_2	2	1
sspP_1	3	2
sspP_2	3	2
sspP_3	2	2
sspP_4	1	1
sspP_5	1	1
oppD	1	1
oppF	2	1
cat_1	2	1
cat_2	2	1
topB_9	4	3
rpmC_1	1	1
rplP_1	1	1
fus_1	1	1
yeeN_1	1	1
nadR_1	1	1
intQ	2	2
alaA_1	1	1
sarA_1	1	1
sulD	1	1
fus_2	1	1
agaS_3	1	1
rpmC_2	1	1
rplP_2	1	1
tcyJ	1	1
iga	1	1
nadR_2	1	1
aroH	1	1
hutH	1	1
alaA_2	1	1
sarA_2	1	1
rhsIA	1	1
resA_1	2	2
malQ	1	1
ftsI	2	2
mdtK	1	1
resA_2	2	2
dnaC_3	1	1
nanA	2	2
pitA	1	1
yeeN_2	1	1
relA_3	1	1
yafQ_1	6	2
yafQ_2	6	2
cidB	8	2
nhaC_3	26	5
yheI_1	10	5
yheI_2	10	5
lss	1	1
gamR	1	1
ntpJ	2	2
yokF	1	1
yjhC	1	1
sglT	1	1
hldD	7	6
yhaX_1	2	2
yhaX_2	2	2
araC_3	7	2
clsA	2	2
gspA	1	1
hgdH_1	2	2
cimH_1	6	6
cimH_2	6	3
tarK	1	1
bglB	2	1
hgdH_2	2	2
aphA_1	2	2
aphA_2	2	2
hin_5	6	3
srrA	8	3
cspLA	4	2
gap	1	1
mprF	3	3
ccpA	2	2
dnaE2	1	1
panT	7	3
dapH	2	2
fadG	3	1
fabZ	8	1
glnQ	6	1
tet(S)	5	2
ermA1	3	3
ctpE	3	3
scaA	6	4
ugpA_1	3	3
ugpA_2	3	2
pemK_1	1	1
pinR_1	3	3
pinR_2	3	2
pemK_2	1	1
mazF_3	1	1
topB_10	2	2
hldE	5	2
kdsA	4	1
kdsC	4	1
vanYB_1	1	1
vanYB_2	1	1
wbnK	6	1
tll	6	1
dgoD_1	5	2
dgoD_2	5	2
mdtI	1	1
speB	7	3
folP	7	3
folB	8	3
uhpT	7	2
yciB	7	3
ldhA	4	2
wbbI	1	1
gtaB_4	1	1
rmlB_3	2	2
lagD_3	3	3
msrA	2	2
araB	1	1
fecE	2	2
ade_1	1	1
ade_2	1	1
lgrD_1	2	2
dam	1	1
lgrD_2	2	2
srfAB	1	1
pseB_1	1	1
neuB_1	1	1
legF_1	1	1
pseB_2	1	1
neuB_2	1	1
legF_2	1	1
actP	1	1
tarD_1	1	1
asD	4	3
aspT	4	4
tarD_2	1	1
lcnD_1	3	3
lcnD_2	3	3
dfrA	1	1
yveL	3	3
traG	2	2
mgs	1	1
dgaE_3	1	1
bacC	7	1
ysnF_1	6	5
adaA	2	1
ysnF_2	6	3
fadR_1	2	1
yoeB_3	1	1
bin3_10	4	3
fadR_2	2	2
topB_11	1	1
ssb_7	1	1
yodC_1	2	2
msr(C)_1	1	1
yhaN	1	1
atpE	1	1
cscB_1	7	2
cscB_2	7	2
bin3_11	2	2
yurK_4	1	1
hdfR_5	1	1
yodC_2	2	2
msr(C)_2	1	1
gluQ	1	1
gltX_4	1	1
cysE_3	1	1
cysS_3	1	1
atpD_3	1	1
murA1_5	1	1
ykoD_3	4	3
hddA_1	1	1
hddA_2	1	1
cdsA	1	1
cls	1	1
pacS_1	2	2
pacS_2	2	2
doc_3	8	1
htpX	1	1
yehX	1	1
rex	1	1
licH_1	8	8
licH_2	8	8
recF_3	1	1
tycB	1	1
lacR_6	2	2
abn-ts	1	1
uidA_1	2	1
uidA_2	2	1
msbA_1	1	1
msbA_2	1	1
gmd_1	1	1
gmd_2	1	1
yjmB_3	1	1
yyaP_1	1	1
yyaP_2	1	1
mgt	1	1
rluB	1	1
uxaC_3	1	1
gmuC	3	2
arcD1	12	8
repE_3	1	1
ybdM_1	1	1
ybdM_2	1	1
gsiA	1	1
sadH	1	1
maa	3	3
pfkB_1	1	1
pfkB_2	1	1
mngA_4	2	2
poxtA	1	1
pglF_1	2	2
yneA_1	1	1
yneA_2	1	1
eriC_1	2	2
abgB_1	1	1
cmtB_3	1	1
fokIM	7	3
optrA	2	1
abgB_2	1	1
cfr	4	3
pglF_2	2	2
eriC_2	2	2
wbgU_3	1	1
rfaB	1	1
repB_1	2	2
repB_2	2	2
urdA_1	5	3
urdA_2	5	3
fryC	1	1
trmH_1	1	1
trmH_2	1	1
grdA1	1	1
prdA	1	1
pduA	1	1
tcrY	3	2
pduF	1	1
gamA	1	1
mrdB	3	3
iolJ	1	1
pepE	1	1
ilvB	1	1
lpxC	1	1
ftsB	1	1
gbuC	2	2
fldA	1	1
lacD_4	1	1
repD_3	1	1
ce	1	1
bin3_12	1	1
ubiE	3	3
ampH	1	1
tagE	1	1
vanH_1	2	2
vanH_2	2	2
pnbA	6	2
yhdN	6	1
srtA_3	1	1
mtlA_1	5	5
mtlA_2	5	5
yodJ	2	2
frlR_1	1	1
frlR_2	1	1
murA1	4	4
brnQ	7	3
chbC	1	1
ybiV_1	1	1
ybiV_2	1	1
kanE	2	2
yoaA	2	2
arcD	1	1
kefG_1	1	1
acuR_1	1	1
acuR_2	1	1
ssaB_3	1	1
kefG_2	1	1
gdhI	1	1
sugB	1	1
tarF	5	5
ucpA	1	1
lsrA	2	1
yghU	1	1
desR	1	1
pgdA_1	4	1
pgdA_2	4	1
norB	4	2
sbnD	31	21
degA	10	6
artQ	1	1
lpdG	5	3
pagL	2	2
cas1_1	2	2
cas1_2	2	2
ktrB	1	1
dinG	7	7
mltF	6	3
silP	2	1
ureD1	2	2
ureG	2	2
ureF	2	2
ureE	2	2
ureC	2	2
ureB	2	2
ureA	2	2
ureI	2	2
cntF	2	2
cntD	2	2
cntC	2	2
cntB	2	2
nikA	2	2
xly_1	2	2
xly_2	2	2
artM	1	1
lacI	1	1
pnp	1	1
mutS	1	1
srp54	1	1
uup	2	2
ecfA3	1	1
czrA_3	1	1
nrdZ	2	2
sphR	8	4
yocH	1	1
yihP	1	1
rfbX_3	1	1
rhgT_1	5	4
rhgT_2	5	4
frwD	1	1
xylB	1	1
nrdE	1	1
kstR2	1	1
crtN_1	1	1
crtN_2	1	1
vsr	3	1
rep_1	1	1
rep_2	1	1
yejB	1	1
bcgIA	4	2
natR_1	1	1
natR_2	1	1
ulaA_6	2	2
btuC	1	1
tyrC	8	6
fdtB	1	1
plc	1	1
fccA	2	2
sorA	2	1
cspB	2	2
rcsC	4	3
yebC	1	1
tetR	2	1
ascG	1	1
zosA_4	4	4
qorA	1	1
lgrA	1	1
tycC	2	2
nsrR	1	1
cotSA	2	2
ycaC	1	1
chiB	1	1
cdr_5	1	1
cynR_1	2	2
cynR_2	2	2
uvrD1	1	1
pncA	1	1
codA	1	1
rbsK/rbiA	1	1
nikB	1	1
zraR	2	2
cckA	1	1
PROSC	3	2
fucO_3	2	2
metAA1	1	1
xylH_3	2	1
citS_1	3	3
citS_2	3	3
malF	2	2
dinB1	1	1
treP_3	1	1
cbnBM1	4	1
fpuD	1	1
xylG_3	1	1
mdtG_1	2	2
mdtG_2	2	2
sgbH_1	2	2
sgbH_2	2	2
cas9_3	2	2
agaA_5	1	1
lpxD	1	1
araR	1	1
lip2	2	1
dgaF_3	1	1
yesS_1	1	1
yesS_2	1	1
gtfA_3	1	1
betL	2	1
thiK_1	2	2
thiK_2	2	2
ypeA	1	1
folQ	1	1
fpgS_3	1	1
queC	1	1
lacF_9	1	1
cbbY	1	1
sipW	1	1
frwD_1	1	1
frwD_2	1	1
yhhX_3	1	1
hisZ	1	1
hcaB_1	2	2
hcaB_2	2	2
licC	2	2
yfeO	1	1
pyrDA_1	1	1
pyrDA_2	1	1
msmE_1	2	2
msmE_2	2	1
msmE_3	1	1
hmrR	1	1
dexB_1	1	1
dexB_2	1	1
lldD_1	1	1
lldD_2	1	1
fosX_1	1	1
fosX_2	1	1
ala	1	1
rfbA_1	1	1
rfbA_2	1	1
lutP	1	1
mgsA_1	1	1
mgsA_2	1	1
sbpA_1	1	1
sbpA_2	1	1
nrdE2_3	1	1
esaA	1	1
yegS	1	1
ycsE_1	1	1
ribH_1	1	1
feoB_3	1	1
ribH_2	1	1
celD	1	1
mtlA_3	1	1
lacE_5	1	1
sstT_3	1	1
ycsE_2	1	1
lytO	1	1
hpaIIM	1	1
undec1A	1	1
cfiA_1	1	1
cfiA_2	1	1
pstB3	1	1
